PC1,PC2
-0.16756459414536978,-2.2427115975406022
-0.239891603956561,-1.1843565383230112
-0.14337190780895187,-0.2633261877350362
0.024034831097438834,1.822825435716076
-0.3728277282540838,-0.04683099765355035
-0.2229563284806793,-1.1352572126868765
0.04274724383315751,-0.2364298256137464
-0.1246537184328163,-1.452585878438967
-0.2590790763985108,0.06582973054964153
-0.04370503793096786,0.11820483489094448
-0.39593744126933167,-0.9338277345587269
-0.3387106788906674,0.8378378390973554
-0.22846684279439025,-2.294102810734233
-0.5574284815890899,-0.4091101695829745
-0.45202284319754304,-1.5685580942478232
-0.3167669255561758,0.6394057621382806
-0.36639520399236486,-0.5206949269989402
-0.2504589247692281,-1.543978264339971
-0.30428887316559433,-0.019716564923442932
-0.5219091883095867,0.14437235791099695
0.027526685804653273,0.5197242861316129
-0.21123261473386354,0.15149039185651803
-0.10222719394384323,-0.20281510612106657
-0.5547020752738692,-0.6587284018758087
-0.49091276370898984,-2.447926452742694
-0.17525810506205197,-0.513234653043033
-0.28005701105283237,0.16800527741131688
-0.06710626910094135,0.2877847241253368
-0.2921306797402901,-0.7221650343311601
-0.2682041116417347,0.813051122929159
-0.22955173274181753,-1.468276465797342
0.0673908595471109,0.7929214511669055
-0.18276653116001115,0.09322485481315891
-0.34581694930676793,-1.0715420907483868
0.00567632348737814,0.44643201134430055
-0.25276111929474043,-0.7445360050727455
-0.1249338689565082,0.6966757866027852
-0.5389881094219888,1.220491206625585
-0.41843739909455013,-0.7580661202283063
-0.2931958828451453,-0.8202459369684431
-0.1504138903990635,-0.7094690488762228
-0.19496044859914882,0.4974907801458947
-0.2639754144232337,-1.1047417475439294
-0.24322780358627213,0.24578418570716756
-0.5000259060106481,0.679577337404782
-0.24701054842322692,-1.975207192265297
-0.29453157695887333,0.4003079296092652
-0.006190051557597172,0.9494043189358348
-0.1883145526167684,-0.6897053590796964
-0.5086941005171388,-0.08889390098559564
-0.079225503507659,-0.4381685294440662
-0.3202371446223181,-0.7050815039090351
-0.3593236213725328,-0.48465886186722923
-0.11851826086096452,-0.6610696530419916
-0.12241795609066856,1.6496174071583127
-0.08586565997927183,-0.050371155262163285
-0.36600398325670574,-0.30027747354599854
-0.2145719693238343,-0.6268396345160666
-0.1297050592067502,-1.1500431212733413
-0.021950775158437016,0.05357584817064285
-0.23964479169234826,-0.2645454531004728
-0.2023595517718163,1.8541639116097477
-0.3737741839937431,-0.8145593441549911
-0.37936662028452994,0.9330527013594834
-0.03648169698780116,-0.72309771807214
-0.0035889303071532843,1.0789940568281122
-0.36324117650321325,2.1919343246142478
-0.06062290729494905,-0.7467115919478312
-0.048704019988532125,0.5500818191397043
-0.2593720811722584,0.29552002045167247
-0.07242826403631025,-0.7779416633015119
0.11052739675770916,0.897833692644144
-0.20492391929172152,0.14885825144988288
0.0726796501713478,2.097282179468969
-0.6797567964370737,-1.1462627875981364
-0.09331078713035247,1.6665249542359815
-0.1345252031704668,1.701347007272571
-0.1739902407598733,0.7482075776440239
-0.21685290086074482,-0.8387765074286782
-0.5667376620578931,-0.7091724575278803
-0.24226701988437915,1.1384264478334456
-0.10208906413656448,0.4078966542666637
-0.03194069064549517,-1.0635537776411412
-0.45088131572020945,-2.177202332768559
-0.37347804162639586,-0.33440701712567766
-0.3693083593927943,-0.026726905730261246
-0.09644660130960676,-0.7056700642065855
-0.1690689686177806,0.7345037764521339
-0.30081186198776094,-1.0964985938507668
-0.024805848491711448,0.3013572430555822
-0.15193523013427898,-1.1381715546446538
-0.028786557920253458,0.613320324944885
-0.2872413415391712,-0.5169694735684954
-0.3314138294899389,0.3167583394794533
-0.20465233794347487,-1.0509697772206936
-0.45571819215823856,1.00336988878417
-0.1196202774113116,0.7256370474910036
-0.20509043143565361,1.8829272628893028
-0.31004821086039047,-0.6744144872562635
-0.1978533663357783,0.2176389336746157
-0.41924170298516,-1.1303005456086375
-0.2969073707071204,2.7072431094390788
-0.35183296432229955,-0.27960499053353693
-0.26908846272017184,0.900517119458555
-0.3127363269430634,-1.2239911793325362
-0.02147155849228005,1.0494729755689711
0.052648924884654696,-1.2619756684980243
-0.1237529173245429,1.2048656440355234
-0.17564775009512928,0.8166547158958071
-0.18796145920878357,-2.5816427380708054
-0.5414953975358369,-0.6005039545339723
-0.2176126164725119,-0.285261669699851
-0.19879850881036443,-0.7602653011838607
0.1421143532883674,-1.1214999223580935
-0.19188806057538574,0.22512650344927992
-0.19136042518989943,-0.02147414521307294
-0.2518822157198029,-1.7737587717056529
-0.45099981815997003,-0.4152171713225713
-0.18543804685739868,0.6444350954193397
-0.11569623170754365,0.45951294640397405
0.06898021130793323,-1.0542022517881275
-0.3134019950051826,-1.1993738991262273
0.015700380939149147,-0.05097072369760766
-0.43214173805151845,0.6281877323692718
-0.12428518653757331,-1.1903938544469232
0.20218180829908242,1.385256545707914
-0.42994605868176816,-1.4655030308904131
-0.2247911554179917,1.5068891460906042
-0.14045626692151436,0.15918429224180775
-0.2411599120507876,-0.4527583743730408
-0.4332281081853682,-0.22494887101329725
-0.19485065684117855,-0.2611227968790783
-0.34321053731087386,-2.2728580554633875
-0.10339280411439733,0.7721028492572869
-0.37289622381949716,0.2659725266671138
0.0011638148752510732,-0.31471258144329883
-0.3466677110947334,-0.12341321095477473
-0.13467799594526433,0.23017337839707055
-0.15737802138747706,-0.03323472525574951
-0.5042250435834029,-0.6166084972329637
-0.15653228470339056,0.8582129683995541
0.013323410932279765,-2.377707965535752
-0.4531249769135864,0.10258168947230738
-0.15383660656885392,-0.4406450503215521
-0.17430372587587473,0.48445572066476034
0.016704095672132754,0.37594162292631084
-0.48737534969476254,0.35457038986431083
-0.4480342967686443,0.5949187155547027
-0.14258002002643388,-1.1429295303742708
-0.2395474366369457,0.046996587329889365
-0.16521399093107095,1.346917493714066
-0.010280881190272689,1.3354507238398912
-0.28406577428345514,-1.4859277962989625
-0.12978439386356516,0.7434837768602202
-0.24713694447173437,-1.8154843410553552
-0.36004219807771837,-1.7755519366733852
0.0987264662542837,-0.301466255135839
-0.1740174444398677,-1.4576332112457366
-0.33951833621688415,0.2834230175847087
-0.057094303325363235,0.5095662095871477
-0.3960581332562865,1.4187315181488909
-0.08989974885336358,-1.246494351218994
0.04091039835608099,0.7320989743742754
-0.23936887367500082,0.7517258530855179
0.05075009706902903,-1.4573895488672013
-0.21726745284752438,-2.872673764352112
-0.13307065132368273,-1.1861788005053207
0.022336599707857067,-0.22724642413813964
-0.2642788939712899,-0.424134727403271
-0.30491091068530246,-0.8276107309035022
-0.2895091397573911,-1.1258056349384087
-0.34910182931860567,0.2840316034126324
-0.22708318988109763,-0.9173975084754904
-0.14117371583047894,0.6428442195659585
-0.19247691348043613,-0.09195735321317751
0.07433707976026627,-0.2566216504802026
-0.2691235044776868,0.25400077026208834
0.05337077673679225,-0.21248457781159788
-0.11249494951214002,1.436230319373828
0.2563479757005329,1.200562096374653
-0.12042692933158142,0.61040448501612
-0.38732322727314,-0.5626977880396117
-0.39379541116751243,-1.3471437725012352
-0.013846742400700454,0.9487303177085781
-0.35995218049592587,0.2287780781888788
-0.009685894063733842,0.31299433805593385
-0.19289098875346833,-0.06388665913882484
-0.23436272935459354,0.8391118091902419
-0.3819051262003771,0.289739465546338
-0.41478903896591673,2.0115352233778987
-0.374728025372779,-0.29235140168275214
-0.020040512591976808,1.5000254246875346
-0.047869186562912794,2.0616721178337514
-0.49272757251830146,-0.5874235485542366
-0.1304389036242215,0.13540664211059392
-0.17290791503573993,-1.5437170444709056
-0.32556945022400474,0.5691392286602285
-0.16955618937450723,-1.6254440743398033
-0.23326140848137827,-0.3511720210647396
-0.38018042786484724,-0.6015841783329181
-0.032670720745110106,0.10196896939384381
-0.11941573137104522,0.6613587526076978
0.018157962719827017,0.12971878797771155
-0.12622871589347712,0.5600146458124179
-0.4829851068577696,-0.6260563919848832
-0.3225112798042982,-0.43115229697705976
-0.009559684335791276,0.02846964511320914
-0.09258935714193331,1.1056186658631622
-0.1254401526858118,1.678645890176651
0.40591748459937743,-0.8670126496870516
-0.17929321130692663,1.761483078768036
0.039901970384966,-0.25723660137067433
0.007813531761242738,1.7213833029968941
-0.1457346066534361,0.4789763442344615
-0.28503417680629195,0.7802038766586881
-0.08920609161832382,0.40671574655523
-0.33649730238181014,-0.5996713491224809
-0.24522225041419804,-0.49513578573212796
-0.13394488322123224,0.1489233826605414
-0.23698226362781244,-0.9596898104408828
0.1787534876487927,0.18149174573527618
-0.5594909211836463,0.3671835992532774
-0.060257548216409995,0.5584626727772727
-0.4891588100127664,0.2502824020081547
-0.3203280384644634,0.39121439597951174
0.06876127766539467,-0.5256335575215284
-0.0968634214373587,-0.5511960419276577
-0.4242113124506343,1.029832544939329
-0.45527436779018615,-0.08147181012624635
-0.05516069530068548,-1.5307399991325934
-0.35533235504891053,0.1717135473629233
-0.08491190250893686,-0.36122286121341807
-0.3100334274570741,-0.6107017594375378
-0.29989598856165783,-0.4479458187319993
0.0936610984297225,-0.24902856776816643
-0.07434618424476576,-0.9680742293912862
-0.563183086731315,-0.4305207030310165
-0.21560220048087778,-0.40806848954096814
-0.34532623824259556,-0.21178547926587848
-0.04632447981443961,-0.4448233851334164
-0.3211249526246611,0.34158712688473836
-0.20186049307723056,2.184600644652391
0.024535973881697978,-0.6743532654807126
-0.15260774323106743,1.5130824037991357
-0.28829780429311946,0.40505358543128905
-0.24033321342154554,1.4636325739640839
-0.34045794212205965,0.3443453143977783
-0.37834532427361167,0.10532507266721838
0.07173600848992025,0.05535537762864209
-0.04443326973739631,-0.11371248405976389
-0.42617992021601553,0.24555018195492098
0.031102059917140136,-0.3224470546100017
0.07678352565388594,1.917154281623068
-0.04535914332333481,0.5274484509235465
-0.5494027871068935,-0.5520990136391339
-0.2444392755862462,1.0236030579058573
0.046730446199234554,-1.7297674128137241
-0.34549262936450187,-0.7234877212099896
-0.29237950990038725,1.3822200675405432
-0.07162188881569423,1.092815881785365
-0.33272191158573183,-0.4957749032534537
-0.18784358451678218,0.041616919354450874
-0.6582447399953308,-0.9405498715837172
-0.4345521954424596,1.5255115810820028
-0.20779897414756776,0.4022254293036876
-0.3278835751004904,2.4038642558911114
-0.03796456203109562,-0.46245087497198806
-0.4030657412008702,0.4447188148564877
-0.29848765353915657,0.745205815523941
-0.20628917443335432,-0.36696102932295177
0.04427679432141501,-0.8590543389576845
-0.470798638192333,-0.9687289535144616
-0.04549937003868782,1.4454538113763296
-0.1993654632586768,0.7851321858998457
-0.4412887935000343,-1.4267185286983748
-0.20588666103364586,0.897639149871322
-0.16479132397896631,-0.7743501085723067
-0.3792703378718244,-0.12174876882824003
-0.15180399960506444,-0.017645484418566573
-0.23639129730334266,0.6648378677379612
-0.2878064632925153,-0.6239588218626719
-0.13415803666361395,0.19269106904242858
0.1399418232778114,-1.9222551308755842
-0.48610024889910936,-0.00958015820353226
0.14062344211084193,-0.45547716220434425
-0.4877177277387556,2.0442469534672116
-0.15188462156858015,1.138015702442368
-0.12628948067737478,-0.4422118134256866
-0.17494789801204513,0.4137099161464981
-0.1853576909239014,1.3914850310849225
-0.141971820358462,0.7653648858146332
-0.23628201429064483,-3.4179102766885694
-0.30270341097985665,0.948332985143303
-0.12647249221586487,-0.2976545673350794
-0.18828782662889806,-0.8256524828447053
-0.2744618096881903,-0.6068444837904335
-0.05149336877628172,0.5669851996318348
-0.05301688804307166,-0.3824122899697046
-0.02284047044007209,-0.9209212022509183
-0.2053715919438831,0.6198186589987902
-0.2661492392987615,0.7708017478983743
-0.36335688863910426,-1.2851138576377403
-0.10269009094012514,0.33707412514425145
-0.06907127233300027,-0.10742251578977169
-0.09467507122315054,0.441403787681975
0.016963769731139295,1.431108017144156
0.042092939193869305,0.4098215588661685
-0.31348482776240033,0.3198864900885506
-0.10492547975816252,0.5072428118216532
-0.18569850328931592,-0.27306732212315304
-0.24955157355984195,-0.7325250414427267
0.07788495896858559,-0.20717576093270432
-0.08450480835180461,0.5153474506927441
-0.037062340088831476,-1.031262738454157
0.05691584150081696,-0.19322698893287849
-0.1582406024162563,1.2807538773269969
-0.023093271415548365,0.7813356667366301
-0.2812497133127329,-0.3962212292647495
-0.1840553428834631,1.2691390028121068
-0.3067859840700399,1.7955666306006168
-0.16068364597252308,0.1587143978981383
-0.05570372129771765,-0.935069828573651
-0.2961845554136087,-0.9532746767776815
0.23937375186071994,-0.1046201445339636
-0.37666548774970726,0.7792438902298404
-0.3377688984232158,1.7920903427933241
-0.06826345324183276,0.7281460248637314
-0.09031067941154097,-0.24014261869515582
-0.03246276200284943,0.16848366106646784
-0.058973922162662014,0.21325535701570078
-0.248863412149868,-0.39155554750338734
-0.3591365360585294,-1.8648580454963417
-0.29371449777916403,1.3112456529368606
-0.35932040020073236,-0.5969759538847353
0.0025121247153227656,0.9222429649193747
-0.1763928804662194,-0.622056373446006
-0.2889792388868038,-0.44220073242809893
-0.24699482432564931,0.1758157245954721
-0.1323553204816235,0.6854089676493901
-0.35135029527720363,1.1813599773693573
-0.3005221545736928,0.43668717257001605
-0.13393572800819223,-0.10570281300966651
-0.12932337925550658,-0.9533481892110681
-0.3427072283941068,0.06773712175097828
-0.4206760488956429,-1.273073539309101
-0.087298582023839,2.2382880766491033
-0.4356889588012636,1.6793013845065499
-0.511299029420819,0.4983901739004299
-0.2639223056651433,1.5008355704629344
-0.25813026200118944,0.1290911170841223
-0.06559863558772853,0.5350879933305854
0.10498149480670925,1.1057481805666212
-0.02805131300446183,-0.02538460091591912
-0.3248126672066394,-0.4205773634051533
-0.11743169762665563,0.06304870936443072
-0.3161563832440144,1.7870151037227548
-0.22200529669321858,0.5054646492840854
-0.23071999562107046,-1.6806207467250942
-0.24508856775667504,1.4286067343348552
-0.308036180777355,-0.7409861035166821
-0.17322918563594572,-0.7197828802741838
-0.03074995092736476,-1.5095736157526825
-0.30482705325535336,-1.256384479079167
-0.043989828103390256,-0.18075281913241611
-0.13867928114999112,-1.272998260958789
-0.18337484782881722,1.521847079215586
-0.19500038524577928,-0.27898381142558387
-0.29682913476366635,0.8486406267130454
-0.25351848209744526,0.6544991486137297
-0.24111283570859196,0.7813823608148958
-0.20520456944012377,0.13321390377023887
-0.16840535088137823,-1.973233382517798
0.05407730909917094,2.035699650309812
-0.004730930520700242,2.4525875203722554
0.21529114366114885,-2.1397524575697737
-0.2273599011405423,-0.4935104408228836
-0.07073776739428583,0.34524516374537556
-0.2621039823069762,-1.3375556159954718
0.13629033977884555,0.8412161394814761
-0.3371865616014405,-1.7322394934451226
-0.4249909316961337,1.0758266891133088
-0.36315912656506383,1.2307587545441474
-0.5592688104953477,-1.3183332812556636
-0.29118831099200576,1.2012237869467484
-0.3423714263052675,0.3001272674008581
-0.2250815737715032,-0.5366504843586245
-0.1714902513981765,-1.4214292253535108
0.027641386723216643,-0.98967238512101
0.003727548932863291,0.6342739958792352
-0.22322169086168625,0.693740468287139
-0.46103925907174476,-1.3478326325377286
-0.1653926329826492,-0.008670429451988164
-0.5390174066768274,-1.4134132993813653
0.05698058804320309,-0.08549354476688371
-0.022585344954285717,1.6816973512634232
-0.3632574384127528,-1.0213515723517987
-0.5282869758944071,1.3683397626919314
-0.04061850793270778,1.7786731644377194
-0.23944690153784554,0.7780276342554852
0.017126685208057508,0.2504709767253344
-0.4999265163766331,1.1456279411079817
-0.30060091012304485,0.07622985351569096
-0.25239212606762657,-0.6417986683427394
-0.220130039399316,-0.5138165380712553
-0.18680256552752034,-0.3422292442160053
0.01223051962810375,-1.1451349828931165
-0.44614120537766744,1.5427768125870012
-0.19361625813169273,-0.9137462486895249
-0.12560812902521035,0.13905577174768868
-0.20101905349705762,1.6523722209085774
-0.04593272636615899,-1.3433412145981862
-0.29474544361698335,-0.6082702214964976
-0.5451491885915264,1.1140110115326332
-0.07176545593711584,-2.044479126436563
-0.07130343396048244,0.14059602953859382
-0.3191652357719516,-0.6949902057291778
0.08106560432141494,0.6020280901698488
-0.16664845676453824,0.016526708604675883
0.005835837197112852,-1.910985155990352
-0.2773782954254973,-0.6623688061919846
0.20011536411303232,-0.7373749680986149
0.14695255508925695,-0.7507354629653004
-0.25589456327088644,0.6162658215245715
-0.03722262210147046,0.9466922009213137
-0.1664339886368746,-0.4188536302816617
0.07318059787570917,2.190390260472541
-0.3532004680373449,-1.2196262118365286
-0.08877920610456001,1.7998318210175739
0.042436269360165486,0.5260570283234354
-0.5167699673212564,1.0198470088777045
-0.36857506540141227,0.16772238670633408
-0.6218682165421359,0.4143819842080539
-0.2627618342448091,-0.1861383411875674
-0.08691957030647492,0.40961041076806404
0.04531277816082178,1.7475946572224141
-0.22316529159987836,0.4762892012409571
0.056637875167734476,0.6349950173777595
-0.3889743034615608,-1.9548233616111164
-0.5071895073928896,-1.171071148843964
-0.3239891694826898,-0.25478790833819126
-0.038439725858188487,-0.3065199900588005
-0.13140674222155604,-1.191658787104188
-0.6270083474116239,0.03398382660094347
-0.16792764974140334,2.077771714054788
-0.45851755970902586,0.2604179494726422
-0.05901113820681452,-0.2608750773476109
-0.11576866419619455,0.361604491408672
-0.37346872327706704,-0.9060109484489139
-0.3492932570660437,-1.0806399450993907
-0.41729175183064904,-0.2355149406057266
-0.2707941993975658,-0.483809061096284
-0.11049800494736625,-2.0078146158198664
-0.3708027763187618,-0.19431924170781345
-0.19388258102155986,-2.166788740709113
-0.23316133777608958,-2.3556087593049773
-0.23080426386730377,2.7266321291700657
-0.27368579813669885,0.28031325932345197
-0.3597086601203538,-0.4652813692361339
-0.2785746839118588,-0.8374475051240138
-0.36998592532079644,-1.220379875242877
0.11567364319721354,1.329754869251247
-0.14723632249706411,2.2389695094676987
-0.28537363991528486,0.3201820331065541
-0.24115091630613855,1.3725300714340403
-0.15972445122500223,0.5960074592921359
-0.18086797724043985,-1.274667922925494
-0.167804118581237,-1.4037050480324234
-0.08119172100359864,-0.12528167654292557
-0.22786164968916306,0.5984998383761532
-0.31429456136192835,-0.40165130419825956
-0.19467647363078516,-0.8476853358065348
-0.42369801513340655,0.4405580771112132
-0.499599253690938,0.1958039839689573
-0.056966105813563504,-0.6773590448391339
0.1027219470982045,0.12556621575226384
-0.19705362210732735,-1.2809962984118308
-0.1271979664434252,0.8233030547889026
-0.05008812860763024,-1.6850620311267284
0.22340126975708344,1.487289365602737
0.02149064250748112,1.328665624122023
-0.2685546514423502,-0.6561729080772302
-0.22804736287662788,-1.4657178368663895
-0.36077117210450277,-1.4094606128456957
-0.2113813839442681,0.3032084669363973
-0.3570055075473916,-0.7912506508441635
-0.39046671387779663,-0.9520126602332539
-0.32544885546041785,2.1242637716347574
-0.36500035278497855,1.77086368153885
0.10313572299165527,0.5077970338593599
-0.1829943199218278,-1.9317056597409834
-0.19496944266675703,0.22983548474532992
-0.033569268691575324,-1.8971379667158412
-0.21673465647218793,0.8060025655679288
-0.25163467966359954,-0.4359581267237903
-0.05416017626601536,-0.6770547200865294
-0.10180519874134836,-0.025355534745713178
-0.42269981049694816,-0.835158561757903
-0.2663454225343532,-0.8257184813842692
-0.30840487176898773,-0.7882329148468282
-0.41341529157886553,-0.6015082874518394
9.939217522979847,0.28540214480929305
10.155862367644106,-0.01832521147104836
9.528523606186637,0.6361288017966232
9.823024567151144,0.06191426409352262
9.599629380026201,-0.20022984995271326
9.652657200627248,-0.5996740769257163
9.846187223167998,-0.24771714869163852
9.693584842239561,-0.6951599734733085
9.687534504541,0.30672240602180256
9.534030161415922,-1.3901534279188104
9.850194238888246,1.674599888908477
9.804107984556698,-0.44278386903898337
9.76167296768324,1.7120432635958223
9.640236254340623,0.14374171142722644
9.664471562875852,0.38271357164492265
9.912397322028252,0.43775409012097716
9.843187323130909,-1.5971325301626942
9.457616588291085,-0.1293792746133601
9.77531662419771,1.632058378010849
9.831015652382357,-2.8177394195368812
-0.48509034748814234,-0.4547284874759746
0.085169176259767,-2.068038136893499
-0.2783665560463748,-0.44078909279917394
-0.12716888926583053,1.866607539146393
-0.2608570951428343,-0.07311470532400217
-0.47451657368411304,-1.5163006271243862
-0.4664007479983785,-1.4080732103580944
-0.19052090446473327,0.3945199602038304
-0.010821158778612377,-0.8524743510847503
-0.40034267337209445,0.1340054945303632
-0.07967647347499894,0.995451704237286
-0.5241736694563822,2.5987042635285897
-0.18153432242524442,-0.23662970763194932
-0.4486413400257162,-0.6844305820776713
-0.34446549700143764,1.838886661115533
-0.20366136645385338,2.2932487332830505
-0.2937258825402419,0.1676299354562544
-0.19507112129381637,-0.11838896965910985
-0.0996381334131259,0.8596023648790223
-0.2555309277623691,1.9899272568842508
-0.11134548453837606,0.31133189994668364
-0.5003198481499005,-0.19181274438451734
-0.15627803764015138,-0.5079888251394853
0.029031106285625524,-0.35484746530437367
-0.45802436987075973,1.439457712925533
-0.3142936641573338,-0.052494136295604246
-0.1859498215329022,1.2454227903023758
-0.2853652166834458,0.8607810285333745
-0.07888114405783907,-1.2456450532595607
-0.1856555396511863,-0.8311033111781331
-0.2827507949496358,-0.23075649974826526
-0.3324818825168958,-0.8713175758729186
0.11656916437396904,0.924167372267104
-0.142847241750398,2.3805273748191036
-0.1854362858480571,-1.043271147051636
-0.24081107510291955,-0.2187957018523737
-0.46460655412923524,-0.1412794215983201
-0.2636728795245236,0.7183125251468925
-0.13509176521111044,-1.072545398296159
-0.2006397369123311,-0.6392687015959205
-0.21970651151280457,0.23971857588586523
0.15960251889557062,0.07136967519767258
-0.0704875282548837,0.2735889727530418
-0.2595559841994326,0.26036008746099176
-0.07716397470547064,0.20177197677318662
-0.2917638656809107,0.29926813100981914
-0.6026762131740956,0.17541194931464948
-0.3412730351768765,0.4385782909429329
-0.43740642815090564,1.3266993613576352
-0.27434892742799544,1.062138574512715
-0.20489387090916653,-0.7041800204580533
-0.010649280654740412,1.8570550420396106
-0.17331180384623168,0.07682297649720116
-0.2252991458812725,1.159491204337156
0.10216602628995794,-1.1431487723862455
-0.6375377848384679,0.28816481221438967
-0.044608632577682314,0.6351002167762324
-0.023127968377885964,-1.2022897094276825
-0.41259316245152733,0.02333997089420274
0.11462020789741234,-0.09740983932266671
-0.14062591898164453,1.38556757962416
-0.2701918668393793,0.16699141657773853
-0.10187053132752702,2.1071207272054484
0.25622293620932307,-0.8237655631376212
-0.10928035995611933,-0.1914464988396538
-0.20056141254510323,-1.3186431340279718
-0.35818866019429674,-0.5399046728181306
-0.3436022079359709,-0.30812093948810354
-0.11401497467550278,1.504756287101387
-0.3453613354967841,-0.2698249514271612
-0.10624393526363224,1.559736987906537
-0.2761982802366492,2.5516457987701675
-0.14792996882685577,1.3416035128940391
-0.14487372512028188,-1.5965063872100616
0.04347563094726242,2.606123419887396
-0.42260821456259945,1.5707296705816518
-0.2859077274505154,-1.0454325990213555
-0.38351630809708176,-0.7004649227924503
-0.2023871363126349,0.2805550342381776
-0.1601074988186354,0.4233230544406204
-0.1876193322867677,-0.3737908360662709
-0.3275499748773346,-1.4061754163830547
-0.10523204812901225,1.9342172670142128
-0.04375868475415733,0.6308758602535186
-0.1727663964468693,0.9451606171398936
0.1128130998194257,0.19414714499318822
-0.3636592264507838,-0.5599029715535134
-0.5743470815922255,-0.34108913870732316
-0.433030690009494,-1.0946980173804244
0.13036164304224973,-0.04430578975633606
-0.05000771597087855,0.2937675131590867
-0.2636070125504043,1.2493147233757056
-0.1789304192800057,-0.6856064953322591
-0.3895616462792751,0.3922862531082901
0.2353273544253937,0.6681396292492361
-0.18516244562486062,-1.6939165020512317
-0.22731879983997794,-0.8269462673713529
-0.06594602106991092,0.4007963168769742
-0.09719558677741702,1.1891099118579302
-0.0948126557570549,-0.13440243878349747
-0.2796952023932379,-0.9623110643164525
-0.058911438194434465,1.325326398426077
0.11480860644378729,-1.9516480681201815
0.1162158389137051,0.5689306802700345
0.04822707168409817,0.042762373498391244
-0.34774216513897427,-1.354440818973346
-0.2650378971441039,-0.19395993015269916
-0.20083812368166287,-0.31799136106069453
-0.21092780365470892,-1.0471388542393472
-0.058885385265322186,-0.9769181832445794
-0.472421747280712,0.13180365019756077
0.09397356027484201,0.22613237392757143
-0.20582414425005655,0.3575618396978162
-0.27133721948804085,-0.15342641521107872
-0.2603622206483105,0.5915276045498548
-0.4036906997194336,0.5342072183683462
-0.040076510765649054,0.5069972981899896
-0.1389425367488232,0.01824599877202255
-0.5051118189899227,-1.482711884336742
-0.3796949867322235,1.1365702487617657
-0.1403646791353714,-0.2961721990041205
0.04177065279091781,-1.0636472360521767
-0.2902654028879965,-0.5613622569745929
-0.49612623981038506,-0.2801020931158409
-0.2918233752085454,0.2587556375389709
-0.29413647451230274,-1.006996087137472
-0.6686329972541901,0.3760037504923189
-0.31379773507962716,-0.4878098531265322
-0.2600117851322141,-0.23834698784948288
-0.06117330451286328,-2.0696175536524968
0.034523646372658104,-0.0662330144848391
0.07071068482470134,0.21151266407996722
-0.21991753305768522,0.23251373875140927
-0.3090137174281412,-0.2545620966464781
0.1743644482603272,-0.07389025361175122
-0.13742355028265338,0.5239400534320316
-0.27085832942397076,-0.0501852669166017
-0.15240620556290296,-2.308212420822039
-0.14695690280229012,0.8879639557242586
-0.22138015586643636,0.7802357229668421
-0.38500530131533756,-1.117307573185079
-0.34186277679073257,-0.3535392126092391
-0.14529341832637452,1.8252817224616253
-0.3456696331085607,0.7106301429067371
-0.31542113617443823,-0.03360484632874488
-0.2615918208965351,-0.786178107346065
-0.18303640745474875,1.2761482208761379
-0.029992299497589928,0.828473185422024
-0.6134053263999134,-0.6291569780919328
0.007338392830817833,-0.09095168591266696
-0.04521556462182601,0.9424376792960791
-0.5081004449946345,0.9256599333130516
-0.22908980423534783,-0.4459119522836485
-0.2911207479031029,1.2833408809967775
-0.5175999762606548,-1.1249817410110967
-0.45006871357797273,0.3436359778627162
-0.3790947585840098,-0.748243903245847
-0.03093921659059439,-1.1182755738861023
-0.06350059767855731,0.1769321732076313
-0.003429702441690862,0.31183442655557525
-0.03803121841774868,-0.9942598447475394
-0.4038832368833419,-0.18954983818394103
-0.2988499291731975,0.8280542706396975
-0.08844566257244793,0.6805264160975905
-0.37123704466617635,1.3157306995527212
-0.07429737849174353,-1.3645472270041377
-0.22371097633530992,2.105694567008321
-0.36497746908302703,0.10443933363956087
-0.05021714370702919,0.7413679429832595
-0.08614894661343829,0.1425454746252169
-0.3368920159712799,0.0159973168795417
-0.026616870049471195,0.9786907225556206
-0.4023301620361905,0.28605664543206705
-0.09943627944503092,1.746561374241653
-0.09137008878179534,0.5749766631308284
-0.18577731748866302,-1.5281869178550322
-0.06353753314926959,0.378634869521006
-0.4842479822521029,0.7745426929636364
-0.02420282719695459,0.3419934487756553
-0.14971020439843943,-0.21725756951247008
-0.27586412879864547,0.5493778757677082
0.0225368523901128,0.7172669362045685
-0.19313539606562583,-1.017904133687533
-0.37788254695901174,-1.2993109113020183
-0.4468962443031571,-0.32283452706407256
-0.035767067786628914,0.44632540042498553
-0.4087065488581726,-0.7739182491114119
0.05402571953419327,-0.35193985752472634
-0.5681223139702274,0.45108905380571634
0.18759637500791707,0.7807946646891899
-0.2231441439693099,-1.7101741063607563
-0.11083607108824568,-0.7579149228003896
-0.23438130111611707,1.7979113609134718
-0.22050899583412412,-2.0060174604798666
-0.18548137019969788,1.1411008706925618
-0.15058644167434385,0.019438303465530042
-0.17113902779970572,2.0629951470664794
-0.14044878870077854,1.5187973373895904
-0.30716558442522385,-0.5637285028055885
-0.19743123469121845,0.29936667820687496
-0.04216591185790605,0.3853668251269078
-0.5240447091391071,1.4223597550833291
-0.4886422671583871,-1.5876740192136658
0.018006476800010718,-1.6040786063290116
-0.034119865435487354,0.29772761930357766
-0.25032258978392874,-0.3043767232428731
-0.13209129339375458,0.7859096610300758
-0.0785083229992339,0.22758084261094985
-0.33402025627807097,-1.0226665871719582
-0.3681609268318321,-2.8347640948181048
-0.09565892136093795,0.8130666180986981
-0.24676673533057275,-0.2593224801741714
-0.08513569255471774,-1.3135321698651414
-0.5348108614756544,0.37978644859171
0.07631649001608036,0.04225271096790355
-0.1361899598915984,1.1257092998396108
-0.16437533119048414,0.49546553171361246
-0.0040968586438027725,0.7106335875741544
0.1600140167358338,-0.8663465909111142
0.005907614298739953,-2.078405502208685
-0.4725735174747056,-0.35392368697899496
-0.38505150215976847,0.5431346043713972
-0.3054222215289354,0.23614057889993992
-0.17891771059258207,-0.6441986170533994
-0.25730626380446825,0.036339528338692244
-0.3420613207761612,-0.22975385189577005
-0.15350950721487774,-2.1277408691622357
-0.40663775916791595,-0.1676535332637803
-0.2909900906280816,0.9141907235193939
-0.44901033970639553,-1.6609289302574637
-0.20464981805931123,1.5763866778576405
-0.3366125761489388,-0.1899154754087315
-0.3924694340379239,1.391458982693485
-0.011609291766848197,1.0525459085671414
-0.364760047450146,-0.7751090910283693
0.19863564665826192,-2.2675096988333276
-0.10771561393290334,0.23238234128994437
-0.24616732463128344,0.7956918904350617
-0.43730250163717505,-0.8872630348123587
-0.06455855396026274,-0.8841327312586935
-0.2806645785920495,-0.8768009200606148
-0.24223137483237864,-0.46962043269734877
0.2801119774553329,-0.5510792388407033
-0.2429214200358873,1.7671915169348316
0.004402282757627897,0.3933993472212903
-0.2555122135925594,0.6738643279046538
-0.23116046029179685,-2.1472398105093564
0.11085515708984253,1.0859719086435082
-0.34412196929694333,0.43502060678702237
0.08041901904067694,-0.7086847922359725
-0.10632736161685619,0.723128789710914
-0.3600573417173999,-1.480169525121047
-0.0957524394932051,-0.03368126131154904
-0.13682520974721765,-0.5973618139004692
-0.10877820706789741,-0.630147490196314
-0.4647882123014796,1.325385163122941
-0.31718226834372754,-0.7637665527541734
-0.24899450594995404,-0.7561163646100649
-0.19818773665533512,-1.0618842675634146
-0.06037805508249304,0.49510012997616426
-0.09874241485231029,0.9569791746247455
-0.4594230137291982,-0.1015310308821945
-0.18866247781949205,0.41257181824221345
-0.1688685235129847,-1.2825362691269182
-0.1450963037463117,0.32541039533810306
-0.02388617371618256,0.7175986376778777
-0.1117097570750176,0.5010753030905358
-0.19231654440474677,-0.01254935220047505
-0.2478370389804115,-0.037407635490003165
-0.4904841412223398,0.012223160763490927
-0.07403584945134235,1.796862023780301
-0.2016923111603491,-0.3016905322788282
-0.18326047437286816,0.3547145103763892
-0.4775366419038134,-0.5770425562195879
-0.3848366794962634,-0.08136655161238922
-0.07035586277733485,0.372557114421747
-0.1673617115355863,0.1766925014252616
-0.19372862783546438,0.7747761734891594
-0.22703847414761724,-1.3832894043571693
-0.17146904174479552,-0.6513095825139712
-0.050962813010528525,-2.2411552260938437
-0.10553271277594113,-0.9965070540532517
-0.14666948035045801,-0.27279583536242064
-0.32308166842814656,1.2474854208461599
-0.25018258980883534,0.7272779794143023
-0.3480858576420114,1.5416560814956397
-0.17440818656631776,-0.10159658714282381
-0.3260921896579553,-1.6526875575907063
0.07777891528211868,1.6354252748288445
-0.401208401114789,-0.011389186835665935
-0.2270725627918465,-0.27833184049691345
-0.3193980482473414,0.2497834740413883
0.13058826941939003,-1.6704191322300552
-0.2023174040959266,-0.5045581686442713
0.09528163714292984,-0.6180642380249759
-0.3712568039411157,-0.5395404242724537
-0.09750762388594171,1.3254009167146577
-0.02248709657858117,0.4880374760559433
-0.15835145254515465,-0.06059360792573755
-0.12718922313646158,-0.05182097053992369
-0.3003516690472175,-0.11828155125617752
0.07998944865954188,0.19415689306056672
0.17616220228988494,0.19152875034091799
-0.34325776842024,0.6511312593759805
-0.27624503482155127,-0.5172082324649461
0.13024674764978073,0.5568339694601756
0.15849330557512806,0.0254579050855406
-0.31372645076882105,-0.6001805671837882
-0.21848864247665897,0.9480417646201234
-0.27525593084512473,0.38217146617503317
-0.538339083015832,-0.5766042293692446
-0.41081287241227565,-0.4647686894753324
-0.2885936080627229,0.10196086236701282
-0.339443668103137,-1.119763267554892
-0.20850524311818264,-0.17026710327020572
-0.18439281457235315,-0.46629551903858146
0.17877318912892723,1.726324380488642
-0.26817337090565924,0.24845631880543803
0.10665686948481062,-0.5807240926072096
-0.24254904413474118,-0.00221658632598111
-0.1857451467327559,-0.26834369459653507
-0.15740626978811628,0.9092472286465592
-0.29376875974163846,1.127373855452035
-0.20432604244438285,-0.9468568888815819
-0.17455154729894018,1.059001942975279
-0.1828438319535961,1.363392957723151
-0.21566960755564707,-0.08163903400800658
0.1634720306074221,0.358349946455101
-0.35681354697280754,-0.7262376564709768
-0.31890549556925196,-1.226077452037226
-0.32721316796976996,0.16097414629513673
-0.2674699711888275,-0.854610218709274
-0.370362112828747,1.8038579944779516
0.0032656514513723597,-1.3511541075773101
0.09786453051578518,-0.8982781169479186
-0.3186999710361157,0.4355058748053429
-0.392435497382426,-1.8844853435540363
-0.1400911162303488,0.648568572127686
-0.2174114557494354,-0.6398249989733544
-0.08782229247809528,-0.2555837076180098
-0.19733697170374676,-0.15217357715599464
-0.42599945834272596,-1.0543925534834149
-0.02714930892888914,-0.5036905780897064
0.1601953475965765,1.1540477393377795
-0.2914747841185447,-1.1169356503357355
-0.2588184238991318,0.7408527034723285
-0.22349837295383257,-0.4477492869629828
-0.2291370326953927,0.4047686887887673
-0.04711957456810193,0.9333148928972195
0.2041684955422912,1.0403500336846143
-0.24739650318261058,-0.10984409625605303
-0.3030246931974404,0.3251454575084959
-0.5488057022785534,-0.4725872601245269
-0.3588942413251403,-1.5060288388789378
-0.22127111586444093,-1.3744766761195562
0.009423870388268831,-0.10463353707215675
-0.34575473240483123,1.1176221210449335
-0.20642872495767461,0.3798435632867995
-0.1540338195133816,0.20117702234368912
-0.0067079879293710076,0.49960271684107366
0.05810604664388082,-0.41241365977235
-0.44507069481408335,-0.9595466919464262
-0.29204253008643416,-0.3310708556973783
0.012301949866943667,-0.13009834796961786
-0.2621634801726931,0.03918934400102082
0.06279144612278854,0.23430049658239663
-0.11336239461874312,-0.8754191198982522
-0.17823752648170454,-0.3487805278417218
-0.12415986173727389,0.49832810050923865
-0.0014757183898776493,0.6590409755519291
-0.07022926409337557,0.15368732618122138
-0.2570338402963231,0.4613487754849947
0.03290579933182378,-0.17859267557379985
0.018585030057903545,-1.1736318569901592
0.06110147027782309,-0.1449840003883097
0.149388312881947,1.0148006565871368
-0.367357192620887,1.2083702907800502
-0.09508619106629847,-0.58049418269116
-0.032037086993061986,-0.038266683104693944
-0.317383357354675,0.5352136260022943
-0.1494659752952872,-0.813514394419701
-0.28839952582810574,0.21126499811329627
-0.26019620761527973,0.3825138616021685
0.030757198990610864,-0.8482294382403784
-0.2762442439359066,1.2531371280188441
-0.15080883283660726,-0.47566837615261537
-0.441224901924569,2.091577611449485
-0.1261371037033687,-0.10652887697532036
-0.11307428058538227,1.3139924398134954
0.23619125039609928,-0.546376926592413
-0.29887904601519194,-2.139253111068494
-0.17385254650421328,-1.3675935916061797
-0.22250273647381755,0.30732293342828204
0.10454030731224778,-0.8742476905284762
-0.14097482348024756,0.30766702182434974
-0.03229139411439907,0.38460824079555705
-0.10247252233292864,0.5620017916003917
-0.12527000515653178,0.8815935426749174
-0.2739929871914808,0.8375962647128141
-0.08219494983029975,0.3571409101975047
-0.05837915998322055,2.745549778991157
-0.3353985743530964,-0.3116653771559891
-0.17632047349952762,0.585753572984444
-0.3131582612321176,-1.215872400027459
-0.024669070258992207,-1.5879898624089512
-0.4227110282726981,0.48443033433033117
-0.2756431274172429,2.5197452030416687
-0.12619331324707841,0.5851444355141879
0.1488320654982456,-1.5304266475338972
-0.1774172202741612,-1.206082478791621
-0.22772293669138702,1.3982517228269544
0.06146954351327451,0.764128130979419
-0.49666063502655755,1.0062228042193098
-0.5078130034142502,0.6638193188893486
-0.109138218351154,-1.7698698089512797
-0.17547456726877278,1.396706000868183
-0.4202978911976837,0.7456261711444115
-0.09674341920933728,-1.1862123652082879
-0.27680847753788723,-0.9461551364778519
-0.3155281974612003,-0.5375371843118733
-0.35674376676282776,0.10693302172886543
-0.09163805029634307,1.189109628216698
-0.05416940400210323,-0.5387062285674113
-0.2092552841994985,-1.339736943304087
0.11691575418076015,-0.6616175660910609
-0.45216603568168245,0.9562154101590506
-0.4564606686891043,0.16759509704618045
-0.5069517508197652,0.3810321471432562
-0.23399170237510458,-0.9272458650723248
-0.2551266125270012,-0.7804975322466156
-0.14676597236778255,1.67565923483152
-0.10571767001112592,-1.4060042692684176
-0.3824427398474383,2.211343933699794
0.1354829428081299,0.9194351552844936
-0.2636837212086588,0.08647903476445314
0.07821991905003699,-1.332819630480187
-0.058972232073823835,1.5135111197236404
-0.1806638937945009,-2.3257220591966354
-0.05843659421839676,0.08417641125438204
-0.20236243647975338,0.03432329945394481
-0.14249503422260945,-0.40126070881058756
-0.038814947392027066,1.1638101619375552
-0.21021984978307184,-0.2714439014798039
-0.16577758931819744,0.13636965789043895
-0.14284437858615473,-0.7494776800279302
0.0147335328833194,0.2501569897541912
-0.29093939613596026,0.41833713360116115
0.07345317773813978,-1.1314162652574358
-0.33508303783604937,1.5914089692401823
-0.4442832366509778,0.14992456100018048
-0.30633775514513795,-0.6299536378951713
-0.27293677209490586,1.3892740208988787
-0.16091519035252957,-0.16143427728078907
-0.1875951156139567,-0.014842941691976962
-0.22050053143925843,0.3221158001900754
-0.5027601537031154,0.4720646634233857
-0.21510735313942053,-0.3844592479652659
-0.6766493000502247,0.39068773224156556
-0.4226229238174894,1.0037358523065578
-0.06236431609023621,-0.9483027480228406
-0.05337379885820364,1.6912765977437063
-0.04589143494305445,2.1718827272848
-0.32930120774849064,2.6803176032572664
-0.19506825676714823,-1.321716958233318
-0.3209437924175404,-0.44385660135979915
-0.4451555053798732,-1.7337455386054819
0.024192050070060953,-0.06952084081916457
-0.05475954484064159,-0.6801414783415628
-0.31497389822710253,1.8445599750766577
-0.04607503944694759,-0.7769074538444138
-0.07087574102694415,-1.6680986571738112
-0.5066064322267303,-0.7949893515194221
-0.23973143604575317,-2.140128848243693
-0.34216765363449025,0.07965979519197323
-0.4168936904631066,-1.6074908004515536
-0.25754972796692116,-0.6750750203417292
0.124762284155581,-1.3498050124845877
-0.1613141541900128,0.4686124881032167
-0.284604548548737,1.3120230759920433
-0.11071147608995253,0.8403652683530983
