PC1,PC2,Cluster,State
0.04726930639917298,0.19067190645050142,"(np.int64(0), np.int64(1))",Warning
0.04059437544082527,0.3623863411440953,"(np.int64(0), np.int64(1))",Warning
0.04950200634645554,0.511820318531396,"(np.int64(0), np.int64(0))",Normal
0.06495167621500578,0.8502911781792476,"(np.int64(1), np.int64(0))",Dangerous
0.028325937220128973,0.5469459116439825,"(np.int64(1), np.int64(1))",Dangerous
0.0421573018614972,0.37035253629950793,"(np.int64(0), np.int64(1))",Warning
0.06667861146922256,0.5161841599254039,"(np.int64(0), np.int64(0))",Normal
0.051229474716531165,0.31886706176322577,"(np.int64(0), np.int64(1))",Warning
0.03882359777215691,0.5652247237374223,"(np.int64(1), np.int64(1))",Dangerous
0.05870008431216774,0.5737224026171676,"(np.int64(1), np.int64(1))",Dangerous
0.02619318295243988,0.4030337699423753,"(np.int64(0), np.int64(1))",Warning
0.03147453896099768,0.6904803596259516,"(np.int64(1), np.int64(0))",Dangerous
0.0416487463068707,0.18233386049427375,"(np.int64(0), np.int64(1))",Warning
0.011289462373639703,0.48816737350847883,"(np.int64(0), np.int64(0))",Normal
0.021017161067679667,0.30005097230029726,"(np.int64(0), np.int64(1))",Warning
0.033499688885723036,0.6582854439184641,"(np.int64(1), np.int64(0))",Dangerous
0.02891958343123263,0.4700631339404559,"(np.int64(0), np.int64(0))",Normal
0.03961913621797619,0.3040389643836079,"(np.int64(0), np.int64(1))",Warning
0.034651266123869685,0.5513451342373246,"(np.int64(1), np.int64(1))",Dangerous
0.014567474708850371,0.5779679923968788,"(np.int64(1), np.int64(1))",Dangerous
0.06527393326874106,0.6388675398636825,"(np.int64(1), np.int64(1))",Dangerous
0.043239262529299057,0.5791228686970767,"(np.int64(1), np.int64(1))",Dangerous
0.05329917873153701,0.5216380314827775,"(np.int64(0), np.int64(0))",Normal
0.011541077558146963,0.44766768177074995,"(np.int64(0), np.int64(0))",Normal
0.017428079546582806,0.15737650851683865,"(np.int64(0), np.int64(1))",Warning
0.046559285974850095,0.47127353749438705,"(np.int64(0), np.int64(0))",Normal
0.036887581533799174,0.5818023515533954,"(np.int64(1), np.int64(1))",Dangerous
0.05654042635302261,0.601236151015378,"(np.int64(1), np.int64(1))",Dangerous
0.03577332414761485,0.43737530835025645,"(np.int64(0), np.int64(0))",Normal
0.03798146451654451,0.6864588009650245,"(np.int64(1), np.int64(0))",Dangerous
0.04154862374525248,0.316321318428049,"(np.int64(0), np.int64(1))",Warning
0.06895292688588506,0.6831928315938588,"(np.int64(1), np.int64(0))",Dangerous
0.04586634669890648,0.5696694875577496,"(np.int64(1), np.int64(1))",Dangerous
0.03081871391690081,0.3806900936719736,"(np.int64(0), np.int64(1))",Warning
0.06325740223471336,0.6269761226848249,"(np.int64(1), np.int64(1))",Dangerous
0.039406670784238554,0.4337456959994844,"(np.int64(0), np.int64(0))",Normal
0.05120362012350333,0.6675773065974036,"(np.int64(1), np.int64(0))",Dangerous
0.012991291488142799,0.7525645402763329,"(np.int64(1), np.int64(0))",Dangerous
0.024116701905578873,0.4315504817799824,"(np.int64(0), np.int64(0))",Normal
0.03567501844964549,0.4214620223467397,"(np.int64(0), np.int64(1))",Warning
0.048852114311355686,0.4394351879211864,"(np.int64(0), np.int64(0))",Normal
0.04474099176953067,0.6352602306923949,"(np.int64(1), np.int64(1))",Dangerous
0.038371723453709684,0.3753035645964832,"(np.int64(0), np.int64(1))",Warning
0.04028648351705129,0.5944217094454249,"(np.int64(1), np.int64(1))",Dangerous
0.016587043869372278,0.6648031425655873,"(np.int64(1), np.int64(0))",Dangerous
0.03993738073116766,0.23407356766980236,"(np.int64(0), np.int64(1))",Warning
0.03555174961807234,0.6194926505249735,"(np.int64(1), np.int64(1))",Dangerous
0.06216227560971062,0.7085816337204708,"(np.int64(1), np.int64(0))",Dangerous
0.045354329676829105,0.44264177798877574,"(np.int64(0), np.int64(0))",Normal
0.015787071631955085,0.5401213515832284,"(np.int64(1), np.int64(1))",Dangerous
0.05542196378773685,0.48345275548571515,"(np.int64(0), np.int64(0))",Normal
0.03317942854678037,0.4401470518624712,"(np.int64(0), np.int64(0))",Normal
0.02957220720037297,0.47590986042301064,"(np.int64(0), np.int64(0))",Normal
0.05179570517174965,0.4472878218957719,"(np.int64(0), np.int64(0))",Normal
0.051435809242347565,0.8221887767694827,"(np.int64(1), np.int64(0))",Dangerous
0.05480915556966805,0.5463715333602536,"(np.int64(1), np.int64(1))",Dangerous
0.028955688496364117,0.5058251006704623,"(np.int64(0), np.int64(0))",Normal
0.042931079439860076,0.4528415235855202,"(np.int64(0), np.int64(0))",Normal
0.050763295470339254,0.367953573954836,"(np.int64(0), np.int64(1))",Warning
0.06070774649031476,0.563236573855976,"(np.int64(1), np.int64(1))",Dangerous
0.04061715330524403,0.5116224969580554,"(np.int64(0), np.int64(0))",Normal
0.04405814171171443,0.8553757371137689,"(np.int64(1), np.int64(0))",Dangerous
0.028238590505065678,0.4223846522919458,"(np.int64(0), np.int64(1))",Warning
0.02772247451703566,0.7059286405269344,"(np.int64(1), np.int64(0))",Dangerous
0.05936671358676529,0.43722398365072823,"(np.int64(0), np.int64(0))",Normal
0.06240232845865776,0.7296071188735478,"(np.int64(1), np.int64(0))",Dangerous
0.02921066301250906,0.910177814186247,"(np.int64(1), np.int64(0))",Dangerous
0.05713876427057178,0.4333927145806982,"(np.int64(0), np.int64(0))",Normal
0.0582387371586857,0.6437929442199769,"(np.int64(1), np.int64(1))",Dangerous
0.03879655688327823,0.6024911759942788,"(np.int64(1), np.int64(1))",Dangerous
0.05604926891616743,0.4283257439065066,"(np.int64(0), np.int64(0))",Normal
0.07293392110111097,0.7002144786118452,"(np.int64(1), np.int64(0))",Dangerous
0.04382148079911927,0.5786958130525431,"(np.int64(1), np.int64(1))",Dangerous
0.06944101995598562,0.894820832184221,"(np.int64(1), np.int64(0))",Dangerous
0.0,0.36856691997169244,"(np.int64(0), np.int64(1))",Warning
0.054122058040829056,0.8249319675949166,"(np.int64(1), np.int64(0))",Dangerous
0.05031845296611995,0.8305817248290046,"(np.int64(1), np.int64(0))",Dangerous
0.04667629491388529,0.6759381608214446,"(np.int64(1), np.int64(0))",Dangerous
0.04272057632948208,0.4184555016111735,"(np.int64(0), np.int64(1))",Warning
0.010430334683026316,0.43948330883795445,"(np.int64(0), np.int64(0))",Normal
0.040375152534238415,0.7392498180179294,"(np.int64(1), np.int64(0))",Dangerous
0.05331192648551277,0.6207238947593554,"(np.int64(1), np.int64(1))",Dangerous
0.05978579497690485,0.3819861697453285,"(np.int64(0), np.int64(1))",Warning
0.02112251060609069,0.20130055727004809,"(np.int64(0), np.int64(1))",Warning
0.028265920956871242,0.500287700691983,"(np.int64(0), np.int64(0))",Normal
0.028650733506155317,0.5502077307750667,"(np.int64(1), np.int64(1))",Dangerous
0.05383265933349453,0.44005155999714984,"(np.int64(0), np.int64(0))",Normal
0.04713047035762977,0.6737147666454312,"(np.int64(1), np.int64(0))",Dangerous
0.03497215329470707,0.37664098767032406,"(np.int64(0), np.int64(1))",Warning
0.06044425685580097,0.6034382451001346,"(np.int64(1), np.int64(1))",Dangerous
0.048711712575914626,0.3698796944328535,"(np.int64(0), np.int64(1))",Warning
0.06007688427023266,0.6540531722791991,"(np.int64(1), np.int64(1))",Dangerous
0.03622455246480474,0.47066757582809526,"(np.int64(0), np.int64(0))",Normal
0.032147952200262925,0.6059370195360423,"(np.int64(1), np.int64(1))",Dangerous
0.04384654455820254,0.3840278801331246,"(np.int64(0), np.int64(1))",Warning
0.020676123891608993,0.7173373601080548,"(np.int64(1), np.int64(0))",Dangerous
0.05169400202644161,0.6722761706488595,"(np.int64(1), np.int64(0))",Dangerous
0.04380611368982808,0.8600424910181849,"(np.int64(1), np.int64(0))",Dangerous
0.03411974710242902,0.4451226688658639,"(np.int64(0), np.int64(0))",Normal
0.04447400954241261,0.5898552399983462,"(np.int64(1), np.int64(1))",Dangerous
0.024042474131565177,0.3711567383278266,"(np.int64(0), np.int64(1))",Warning
0.03533249184311078,0.9937848758317533,"(np.int64(1), np.int64(0))",Dangerous
0.030263506602539486,0.509179139282818,"(np.int64(0), np.int64(0))",Normal
0.037899849330089025,0.7006498552980196,"(np.int64(1), np.int64(0))",Dangerous
0.03387166565530842,0.3559557582164099,"(np.int64(0), np.int64(1))",Warning
0.060751972543196496,0.7248174259101064,"(np.int64(1), np.int64(0))",Dangerous
0.0675924199836746,0.3497929066975646,"(np.int64(0), np.int64(1))",Warning
0.051312608046951216,0.750029346984107,"(np.int64(1), np.int64(0))",Dangerous
0.046523326328504366,0.6870434714154037,"(np.int64(1), np.int64(0))",Dangerous
0.045386916038774656,0.1356815053659884,"(np.int64(0), np.int64(1))",Warning
0.012759898332303635,0.45711439624863187,"(np.int64(0), np.int64(0))",Normal
0.04265046352833404,0.5082613627230265,"(np.int64(0), np.int64(0))",Normal
0.04438678402624468,0.4311936723035378,"(np.int64(0), np.int64(0))",Normal
0.07584902507923576,0.37258460890231565,"(np.int64(0), np.int64(1))",Warning
0.045024536989904204,0.5910700722041239,"(np.int64(1), np.int64(1))",Dangerous
0.045073231520184054,0.5510599729360827,"(np.int64(1), np.int64(1))",Dangerous
0.039487783230295254,0.26675787465642853,"(np.int64(0), np.int64(1))",Warning
0.02111157422691695,0.48717653367429037,"(np.int64(0), np.int64(0))",Normal
0.04561979727178714,0.6591014357859581,"(np.int64(1), np.int64(0))",Dangerous
0.05205614521773941,0.6290984589929217,"(np.int64(1), np.int64(1))",Dangerous
0.069099605330075,0.38350342235482604,"(np.int64(0), np.int64(1))",Warning
0.03381023233506717,0.35994982648065116,"(np.int64(0), np.int64(1))",Warning
0.06418250464925739,0.5462742554627694,"(np.int64(1), np.int64(1))",Dangerous
0.02285195286360473,0.6564653575274326,"(np.int64(1), np.int64(1))",Dangerous
0.051263485868977776,0.36140680755916543,"(np.int64(0), np.int64(1))",Warning
0.08139254355299605,0.7792971446241935,"(np.int64(1), np.int64(0))",Dangerous
0.023054588203265683,0.3167712986148068,"(np.int64(0), np.int64(1))",Warning
0.04198796895033376,0.7990316118364218,"(np.int64(1), np.int64(0))",Dangerous
0.049771085652703446,0.5803711773282326,"(np.int64(1), np.int64(1))",Dangerous
0.04047732554501212,0.481085603788913,"(np.int64(0), np.int64(0))",Normal
0.02275169369821703,0.5180469049576962,"(np.int64(0), np.int64(0))",Normal
0.04475112425539121,0.512177811049568,"(np.int64(0), np.int64(0))",Normal
0.031059255039325454,0.18578074829413355,"(np.int64(0), np.int64(1))",Warning
0.053191606644247526,0.6798150856976338,"(np.int64(1), np.int64(0))",Dangerous
0.028319615886352276,0.5976971976902692,"(np.int64(1), np.int64(1))",Dangerous
0.06284095084935223,0.5034830545199404,"(np.int64(0), np.int64(0))",Normal
0.030740198626257736,0.5345207133609738,"(np.int64(1), np.int64(1))",Dangerous
0.05030435199297907,0.5918889101461561,"(np.int64(1), np.int64(1))",Dangerous
0.04820940706196298,0.549151859646399,"(np.int64(1), np.int64(1))",Dangerous
0.01619951293928252,0.4545014900963237,"(np.int64(0), np.int64(0))",Normal
0.048287458594716184,0.6937861536309639,"(np.int64(1), np.int64(0))",Dangerous
0.0639631383194819,0.16876921433022907,"(np.int64(0), np.int64(1))",Warning
0.02091544710935813,0.5711876015026149,"(np.int64(1), np.int64(1))",Dangerous
0.048536237930139156,0.4830509485696139,"(np.int64(0), np.int64(0))",Normal
0.04664736393068494,0.633145337537677,"(np.int64(1), np.int64(1))",Dangerous
0.06427513569486581,0.6155393018437404,"(np.int64(1), np.int64(1))",Dangerous
0.017754541187644662,0.6120718934612839,"(np.int64(1), np.int64(1))",Dangerous
0.02138525691605723,0.6510675750296112,"(np.int64(1), np.int64(1))",Dangerous
0.049575088259960126,0.36910772938616965,"(np.int64(0), np.int64(1))",Warning
0.04062613802996795,0.5621691116218871,"(np.int64(1), np.int64(1))",Dangerous
0.0474862393846078,0.7730767665171726,"(np.int64(1), np.int64(0))",Dangerous
0.06178474022657016,0.7712163229074817,"(np.int64(1), np.int64(0))",Dangerous
0.036517619912786195,0.3134574513238314,"(np.int64(0), np.int64(1))",Warning
0.05075597381611595,0.6751717405410941,"(np.int64(1), np.int64(0))",Dangerous
0.03992571586489713,0.2599880458633869,"(np.int64(0), np.int64(1))",Warning
0.029505891035666157,0.2664669398646828,"(np.int64(0), np.int64(1))",Warning
0.07184483423632486,0.5056322249838997,"(np.int64(0), np.int64(0))",Normal
0.04667378433469434,0.31804814953516347,"(np.int64(0), np.int64(1))",Warning
0.03140000170438258,0.6005284792691146,"(np.int64(1), np.int64(1))",Dangerous
0.05746441284829983,0.6372194272041214,"(np.int64(1), np.int64(1))",Dangerous
0.026182044503854036,0.7847283427075054,"(np.int64(1), np.int64(0))",Dangerous
0.05443685669011124,0.35230469668876674,"(np.int64(0), np.int64(1))",Warning
0.06650909227061824,0.6733245958556258,"(np.int64(1), np.int64(0))",Dangerous
0.040642617287797236,0.6765089887995139,"(np.int64(1), np.int64(0))",Dangerous
0.0674171805454042,0.3180876829103024,"(np.int64(0), np.int64(1))",Warning
0.042682318064725625,0.08846273155190049,"(np.int64(0), np.int64(1))",Warning
0.05045269096625249,0.362090685430284,"(np.int64(0), np.int64(1))",Warning
0.06479494946373611,0.517674134938245,"(np.int64(0), np.int64(0))",Normal
0.03834371586656024,0.485729691153995,"(np.int64(0), np.int64(0))",Normal
0.034593859388704046,0.4202671100947697,"(np.int64(0), np.int64(1))",Warning
0.036015261405025034,0.3718860219817519,"(np.int64(0), np.int64(1))",Warning
0.030515558189286578,0.6006272202072281,"(np.int64(1), np.int64(1))",Dangerous
0.04177644117066577,0.4056995170932951,"(np.int64(0), np.int64(1))",Warning
0.04970487357030184,0.6588433217008486,"(np.int64(1), np.int64(0))",Dangerous
0.04497019280374063,0.539624317092876,"(np.int64(1), np.int64(1))",Dangerous
0.06959398118171904,0.5129081064288215,"(np.int64(0), np.int64(0))",Normal
0.03789661538867927,0.5957548217688104,"(np.int64(1), np.int64(1))",Dangerous
0.06765903840586228,0.5200691932647671,"(np.int64(0), np.int64(0))",Normal
0.05235158585171956,0.7875674624660266,"(np.int64(1), np.int64(0))",Dangerous
0.08639144270044902,0.7493311113142085,"(np.int64(1), np.int64(0))",Dangerous
0.05161955755695123,0.6535800873719516,"(np.int64(1), np.int64(1))",Dangerous
0.026988173424673044,0.4632483155330639,"(np.int64(0), np.int64(0))",Normal
0.026390867096685172,0.33597467745071047,"(np.int64(0), np.int64(1))",Warning
0.06145565324442075,0.7084722793608792,"(np.int64(1), np.int64(0))",Dangerous
0.029514198598014872,0.5916625275306144,"(np.int64(1), np.int64(1))",Dangerous
0.06183965052911301,0.6053263233703308,"(np.int64(1), np.int64(1))",Dangerous
0.04493197853404714,0.5441786897700357,"(np.int64(1), np.int64(1))",Dangerous
0.04110462543376476,0.6906870568514349,"(np.int64(1), np.int64(0))",Dangerous
0.02748820032583281,0.6015533010258174,"(np.int64(1), np.int64(1))",Dangerous
0.024453402566001425,0.8809086861953697,"(np.int64(1), np.int64(0))",Dangerous
0.028150562182494343,0.5071110783180245,"(np.int64(0), np.int64(0))",Normal
0.06088404122138029,0.7979179968634904,"(np.int64(1), np.int64(0))",Dangerous
0.05831578244912806,0.8890432232902684,"(np.int64(1), np.int64(0))",Dangerous
0.017260594072810574,0.45923664671534525,"(np.int64(0), np.int64(0))",Normal
0.05069557027564951,0.5765133361292291,"(np.int64(1), np.int64(1))",Dangerous
0.046776180827901276,0.30408134640064144,"(np.int64(0), np.int64(1))",Warning
0.03268731955688872,0.6468849427643598,"(np.int64(1), np.int64(1))",Dangerous
0.04708550562148052,0.2908214194877405,"(np.int64(0), np.int64(1))",Warning
0.04120626437626895,0.4975676369960055,"(np.int64(0), np.int64(0))",Normal
0.027647369664420045,0.4569391336868261,"(np.int64(0), np.int64(0))",Normal
0.05971842179881873,0.5710881897967017,"(np.int64(1), np.int64(1))",Dangerous
0.05171287921630672,0.6618472404209315,"(np.int64(1), np.int64(0))",Dangerous
0.06440931049610964,0.5755905015393236,"(np.int64(1), np.int64(1))",Dangerous
0.051084121005145505,0.6454045108697128,"(np.int64(1), np.int64(1))",Dangerous
0.018159708882310978,0.4529686019674855,"(np.int64(0), np.int64(0))",Normal
0.032969552659898094,0.484591114849388,"(np.int64(0), np.int64(0))",Normal
0.061851298200190356,0.5591631795562436,"(np.int64(1), np.int64(1))",Dangerous
0.05418863752996527,0.7339268692725975,"(np.int64(1), np.int64(0))",Dangerous
0.05115689609955629,0.8268985473782153,"(np.int64(1), np.int64(0))",Dangerous
0.10019494637051615,0.4138742855404449,"(np.int64(0), np.int64(1))",Warning
0.04618689320395513,0.8403385936903593,"(np.int64(1), np.int64(0))",Dangerous
0.06641602624865452,0.5128083327814033,"(np.int64(0), np.int64(0))",Normal
0.0634546413810419,0.8338325442621345,"(np.int64(1), np.int64(0))",Dangerous
0.04928395707684699,0.6322563277313671,"(np.int64(1), np.int64(1))",Dangerous
0.036428247768179364,0.6811294492739721,"(np.int64(1), np.int64(0))",Dangerous
0.054500873081287024,0.6205322965822332,"(np.int64(1), np.int64(1))",Dangerous
0.03167880753811733,0.45724948358658324,"(np.int64(0), np.int64(0))",Normal
0.040102419570383865,0.4742100158924626,"(np.int64(0), np.int64(0))",Normal
0.05037200966098408,0.578706380365395,"(np.int64(1), np.int64(1))",Dangerous
0.04086287327972982,0.3988377379005478,"(np.int64(0), np.int64(1))",Warning
0.07923038555394493,0.5839904842259729,"(np.int64(1), np.int64(1))",Dangerous
0.011099123495600029,0.6141183429028347,"(np.int64(1), np.int64(1))",Dangerous
0.05717248260941395,0.6451527086318263,"(np.int64(1), np.int64(1))",Dangerous
0.017589948810319715,0.5951515294264665,"(np.int64(1), np.int64(1))",Dangerous
0.03317104011592387,0.6180172562581812,"(np.int64(1), np.int64(1))",Dangerous
0.0690794003340131,0.46926185828068473,"(np.int64(0), np.int64(0))",Normal
0.05379419174604612,0.46511443391592827,"(np.int64(0), np.int64(0))",Normal
0.023583837722309674,0.7216308342144981,"(np.int64(1), np.int64(0))",Dangerous
0.020717083652314096,0.5413255600622806,"(np.int64(1), np.int64(1))",Dangerous
0.05764286209013803,0.3061868269620598,"(np.int64(0), np.int64(1))",Warning
0.029940554062991856,0.5824040054812389,"(np.int64(1), np.int64(1))",Dangerous
0.054897176148454775,0.49593692306943166,"(np.int64(0), np.int64(0))",Normal
0.03412111143639947,0.4554598378007081,"(np.int64(0), np.int64(0))",Normal
0.0350566776225036,0.48186642423677273,"(np.int64(0), np.int64(0))",Normal
0.07137736045860552,0.514140057742441,"(np.int64(0), np.int64(0))",Normal
0.055872267474956466,0.39747739502906654,"(np.int64(0), np.int64(1))",Warning
0.010758380111049577,0.48469358877480284,"(np.int64(0), np.int64(0))",Normal
0.042836001240687246,0.4883363824795107,"(np.int64(0), np.int64(0))",Normal
0.03086400076730978,0.5201826195771636,"(np.int64(0), np.int64(0))",Normal
0.05845834068461807,0.4823730282498393,"(np.int64(0), np.int64(0))",Normal
0.03309749432697261,0.6099654041091531,"(np.int64(1), np.int64(1))",Dangerous
0.044104198950071435,0.9089879500684291,"(np.int64(1), np.int64(0))",Dangerous
0.06499792579028804,0.44513260188643966,"(np.int64(0), np.int64(0))",Normal
0.04864964753961123,0.8000364464021661,"(np.int64(1), np.int64(0))",Dangerous
0.03612705339825853,0.6202626167094141,"(np.int64(1), np.int64(1))",Dangerous
0.040553620089580696,0.7920133831571171,"(np.int64(1), np.int64(0))",Dangerous
0.031313287148347774,0.6104129104591778,"(np.int64(1), np.int64(1))",Dangerous
0.027816728107481488,0.5716327059034105,"(np.int64(1), np.int64(1))",Dangerous
0.06935393294534614,0.5635252963335978,"(np.int64(1), np.int64(1))",Dangerous
0.05863287709535797,0.5360946226274209,"(np.int64(1), np.int64(1))",Dangerous
0.023402158416718458,0.5943837431488752,"(np.int64(1), np.int64(1))",Dangerous
0.06560389817968394,0.5022281630958327,"(np.int64(0), np.int64(0))",Normal
0.06981975931738196,0.8655957060020678,"(np.int64(1), np.int64(0))",Dangerous
0.05854742987061537,0.6401207587897654,"(np.int64(1), np.int64(1))",Dangerous
0.012030139427776178,0.46496792989005337,"(np.int64(0), np.int64(0))",Normal
0.04017467892318092,0.7206201215665382,"(np.int64(1), np.int64(0))",Dangerous
0.06704621412355734,0.27389531993789673,"(np.int64(0), np.int64(1))",Warning
0.030848644826925883,0.43716070699535503,"(np.int64(0), np.int64(0))",Normal
0.03575036005517776,0.7788044865814805,"(np.int64(1), np.int64(0))",Dangerous
0.05612368784953942,0.7318496619958181,"(np.int64(1), np.int64(0))",Dangerous
0.03202723163266223,0.4741063212930733,"(np.int64(0), np.int64(0))",Normal
0.04539779448422539,0.5612962791662794,"(np.int64(1), np.int64(1))",Dangerous
0.001985309387123241,0.40194312654333264,"(np.int64(0), np.int64(1))",Warning
0.02262949604277703,0.8020530372732976,"(np.int64(1), np.int64(0))",Dangerous
0.04355614710546411,0.6198037581945455,"(np.int64(1), np.int64(1))",Dangerous
0.03247375309230156,0.9445627099042888,"(np.int64(1), np.int64(0))",Dangerous
0.059229862612138015,0.47951302921044786,"(np.int64(0), np.int64(0))",Normal
0.025535324843586435,0.6266981625013669,"(np.int64(1), np.int64(1))",Dangerous
0.035186650354211424,0.675451135336901,"(np.int64(1), np.int64(0))",Dangerous
0.04369548383291373,0.49500592521145964,"(np.int64(0), np.int64(0))",Normal
0.06681977096044275,0.41516549383213064,"(np.int64(0), np.int64(1))",Warning
0.01928437637762434,0.3973711683126993,"(np.int64(0), np.int64(1))",Warning
0.05853448859672695,0.7890639420276978,"(np.int64(1), np.int64(0))",Dangerous
0.04433446080966359,0.6819290503416575,"(np.int64(1), np.int64(0))",Dangerous
0.02200778740245256,0.3230639494702784,"(np.int64(0), np.int64(1))",Warning
0.04373263107790391,0.7001829147222336,"(np.int64(1), np.int64(0))",Dangerous
0.04752524656506553,0.42890846119464665,"(np.int64(0), np.int64(0))",Normal
0.027731360249474896,0.534790763318546,"(np.int64(1), np.int64(1))",Dangerous
0.04872382360780189,0.5516811598602971,"(np.int64(1), np.int64(1))",Dangerous
0.0409174125096087,0.6624117147744331,"(np.int64(1), np.int64(0))",Dangerous
0.0361723983843792,0.45330892543892237,"(np.int64(0), np.int64(0))",Normal
0.05035233810930309,0.5858075355585004,"(np.int64(1), np.int64(1))",Dangerous
0.07564852615271778,0.24266485582797204,"(np.int64(0), np.int64(1))",Warning
0.01787221796977817,0.55298973104307,"(np.int64(1), np.int64(1))",Dangerous
0.07571143154120633,0.4806444899004896,"(np.int64(0), np.int64(0))",Normal
0.017722943727563376,0.8862160508564206,"(np.int64(1), np.int64(0))",Dangerous
0.0487163831503352,0.7391831760039687,"(np.int64(1), np.int64(0))",Dangerous
0.05107851313143035,0.48279674669437167,"(np.int64(0), np.int64(0))",Normal
0.04658791443117634,0.6216670763209,"(np.int64(1), np.int64(1))",Dangerous
0.045627213177817094,0.7803076947568692,"(np.int64(1), np.int64(0))",Dangerous
0.049631217924427096,0.6787218745172605,"(np.int64(1), np.int64(0))",Dangerous
0.040927498044273855,0.0,"(np.int64(0), np.int64(1))",Warning
0.03479758560610041,0.7084078135313475,"(np.int64(1), np.int64(0))",Dangerous
0.05106162332239233,0.5062506580987938,"(np.int64(0), np.int64(0))",Normal
0.04535679617066445,0.4205848290450195,"(np.int64(0), np.int64(1))",Warning
0.03740395270557212,0.4560856673854313,"(np.int64(0), np.int64(0))",Normal
0.05798131312545685,0.6465354590313699,"(np.int64(1), np.int64(1))",Dangerous
0.0578407102449274,0.4924990118045147,"(np.int64(0), np.int64(0))",Normal
0.06062563809686142,0.4051278100093527,"(np.int64(0), np.int64(1))",Warning
0.043780165887125536,0.6551075044230275,"(np.int64(1), np.int64(1))",Dangerous
0.03817110502640894,0.6796039865184134,"(np.int64(1), np.int64(0))",Dangerous
0.02919998414551135,0.34603881582479357,"(np.int64(0), np.int64(1))",Warning
0.053256458791931124,0.6092331852418744,"(np.int64(1), np.int64(1))",Dangerous
0.056359079703393884,0.5371151481460694,"(np.int64(1), np.int64(1))",Dangerous
0.053996150690991535,0.6261603108491187,"(np.int64(1), np.int64(1))",Dangerous
0.06429910055142586,0.7867363867093253,"(np.int64(1), np.int64(0))",Dangerous
0.06661822685904198,0.6210362038490738,"(np.int64(1), np.int64(1))",Dangerous
0.033802587847386004,0.6064445511142205,"(np.int64(1), np.int64(1))",Dangerous
0.05305015873798982,0.6368424639814338,"(np.int64(1), np.int64(1))",Dangerous
0.045595760211424155,0.5102398532894512,"(np.int64(0), np.int64(0))",Normal
0.039702874045565585,0.4356944331571059,"(np.int64(0), np.int64(0))",Normal
0.06992140863691053,0.5209305303758921,"(np.int64(0), np.int64(0))",Normal
0.05493474614339163,0.6381574135061935,"(np.int64(1), np.int64(1))",Dangerous
0.0593131270687973,0.38722527876774,"(np.int64(0), np.int64(1))",Warning
0.0679862061210009,0.523193670215173,"(np.int64(0), np.int64(0))",Normal
0.04812980099462918,0.762341949419413,"(np.int64(1), np.int64(0))",Dangerous
0.06060230754494295,0.6813130782855529,"(np.int64(1), np.int64(0))",Dangerous
0.036777509165820954,0.4902585593362101,"(np.int64(0), np.int64(0))",Normal
0.04574740455965851,0.7604574763458531,"(np.int64(1), np.int64(0))",Dangerous
0.034420812204565915,0.8458685316675143,"(np.int64(1), np.int64(0))",Dangerous
0.04790433685462275,0.5802949386020262,"(np.int64(1), np.int64(1))",Dangerous
0.05759274718772136,0.402832244499896,"(np.int64(0), np.int64(1))",Warning
0.03539919917958748,0.399878571069782,"(np.int64(0), np.int64(1))",Warning
0.08482492180461682,0.5375698231549917,"(np.int64(1), np.int64(1))",Dangerous
0.027971757229349567,0.6809736948081079,"(np.int64(1), np.int64(0))",Dangerous
0.031561454203513174,0.8453045160373507,"(np.int64(1), np.int64(0))",Dangerous
0.05643363188900828,0.6726832435186538,"(np.int64(1), np.int64(0))",Dangerous
0.05439893264055258,0.5155817721354501,"(np.int64(0), np.int64(0))",Normal
0.05973761394087463,0.5818799676409224,"(np.int64(1), np.int64(1))",Dangerous
0.05729094617243792,0.5891440199013042,"(np.int64(1), np.int64(1))",Dangerous
0.03976638323683128,0.49101555000690694,"(np.int64(0), np.int64(0))",Normal
0.029589472970899824,0.25197733369928554,"(np.int64(0), np.int64(1))",Warning
0.03562715640077081,0.7672891341718744,"(np.int64(1), np.int64(0))",Dangerous
0.029572504476583196,0.45768680210790014,"(np.int64(0), np.int64(0))",Normal
0.06296538396384754,0.7041747983112868,"(np.int64(1), np.int64(0))",Dangerous
0.04645455957324961,0.4536175910909229,"(np.int64(0), np.int64(0))",Normal
0.0360641650128912,0.48279854454776694,"(np.int64(0), np.int64(0))",Normal
0.03993883188013658,0.5830695694981207,"(np.int64(1), np.int64(1))",Dangerous
0.05051870757603059,0.6657493043305579,"(np.int64(1), np.int64(0))",Dangerous
0.030308051269326584,0.7462156341582236,"(np.int64(1), np.int64(0))",Dangerous
0.034998889876131825,0.6253950564190828,"(np.int64(1), np.int64(1))",Dangerous
0.05037285457929483,0.5373941639528679,"(np.int64(1), np.int64(1))",Dangerous
0.050798520033464266,0.3998666439326346,"(np.int64(0), np.int64(1))",Warning
0.031105704523120108,0.5655341913390788,"(np.int64(1), np.int64(1))",Dangerous
0.02391010090131751,0.3479923156803729,"(np.int64(0), np.int64(1))",Warning
0.054676913745470575,0.9176985495550338,"(np.int64(1), np.int64(0))",Dangerous
0.022524586176382665,0.8270048990579502,"(np.int64(1), np.int64(0))",Dangerous
0.015546667381470237,0.6354061542071756,"(np.int64(1), np.int64(1))",Dangerous
0.038376624766434525,0.7980494402034457,"(np.int64(1), np.int64(0))",Dangerous
0.03891116216353628,0.575488664115552,"(np.int64(1), np.int64(1))",Dangerous
0.05667956316563876,0.6413602480276325,"(np.int64(1), np.int64(1))",Dangerous
0.0724220996844462,0.7339478825836743,"(np.int64(1), np.int64(0))",Dangerous
0.06014473871441882,0.550425515071909,"(np.int64(1), np.int64(1))",Dangerous
0.03275716171412085,0.4863068611146958,"(np.int64(0), np.int64(0))",Normal
0.051895982158034905,0.5647735127033461,"(np.int64(1), np.int64(1))",Dangerous
0.03355603474865122,0.8444810761148525,"(np.int64(1), np.int64(0))",Dangerous
0.04224507089186451,0.6365539632819073,"(np.int64(1), np.int64(1))",Dangerous
0.04144080684420029,0.2818691959174028,"(np.int64(0), np.int64(1))",Warning
0.04011475690482676,0.7863305622557385,"(np.int64(1), np.int64(0))",Dangerous
0.034305433776403785,0.4343216552048648,"(np.int64(0), np.int64(0))",Normal
0.04674653133622564,0.4377618045772874,"(np.int64(0), np.int64(0))",Normal
0.05989568622539737,0.3096209991946527,"(np.int64(0), np.int64(1))",Warning
0.03460159844160719,0.3507000577731533,"(np.int64(0), np.int64(1))",Warning
0.058673801534219396,0.5252175609661105,"(np.int64(0), np.int64(0))",Normal
0.04993508050566152,0.3480045293314118,"(np.int64(0), np.int64(1))",Warning
0.04581020623664082,0.8014584845653523,"(np.int64(1), np.int64(0))",Dangerous
0.04473730608751973,0.5092799234369038,"(np.int64(0), np.int64(0))",Normal
0.035339712099034276,0.6922330744189573,"(np.int64(1), np.int64(0))",Dangerous
0.03933677511964974,0.6607342934833348,"(np.int64(1), np.int64(0))",Dangerous
0.04048167013681466,0.6813206542376713,"(np.int64(1), np.int64(0))",Dangerous
0.04379558009661649,0.5761575719447376,"(np.int64(1), np.int64(1))",Dangerous
0.04719171445696118,0.23439381145002774,"(np.int64(0), np.int64(1))",Warning
0.06772424301961621,0.8848292805877428,"(np.int64(1), np.int64(0))",Dangerous
0.0622969352922633,0.9524678904426529,"(np.int64(1), np.int64(0))",Dangerous
0.08260238077259142,0.20737666952849848,"(np.int64(0), np.int64(1))",Warning
0.04175090398121176,0.4744737224622402,"(np.int64(0), np.int64(0))",Normal
0.056205281841356626,0.6105589078923513,"(np.int64(1), np.int64(1))",Dangerous
0.03854443459166303,0.33753032256224613,"(np.int64(0), np.int64(1))",Warning
0.07531153724200834,0.6910284771368305,"(np.int64(1), np.int64(0))",Dangerous
0.03161519703195307,0.2734942334363105,"(np.int64(0), np.int64(1))",Warning
0.02351188805024259,0.7290932244560956,"(np.int64(1), np.int64(0))",Dangerous
0.029218235255212215,0.7542304142863544,"(np.int64(1), np.int64(0))",Dangerous
0.011119621695558447,0.3406490796509847,"(np.int64(0), np.int64(1))",Warning
0.03586029368152098,0.7494384683127316,"(np.int64(1), np.int64(0))",Dangerous
0.031136695100008632,0.6032386858195335,"(np.int64(1), np.int64(1))",Dangerous
0.04196116675757358,0.4674744001423061,"(np.int64(0), np.int64(0))",Normal
0.046907014480883726,0.32392212057824066,"(np.int64(0), np.int64(1))",Warning
0.06528451881229207,0.3939731692314449,"(np.int64(0), np.int64(1))",Warning
0.06307755330084026,0.6574528326558476,"(np.int64(1), np.int64(0))",Dangerous
0.042132812039827716,0.6671010613894961,"(np.int64(1), np.int64(0))",Dangerous
0.0201850521002392,0.3358629123008968,"(np.int64(0), np.int64(1))",Warning
0.047469752827737056,0.5531373313752415,"(np.int64(1), np.int64(1))",Dangerous
0.012988587696657061,0.3252226767430785,"(np.int64(0), np.int64(1))",Warning
0.0679921814641175,0.5406730475767115,"(np.int64(1), np.int64(1))",Dangerous
0.060649183173697635,0.827393636347594,"(np.int64(1), np.int64(0))",Dangerous
0.029209162229831727,0.388833331065122,"(np.int64(0), np.int64(1))",Warning
0.013978880048199867,0.7765524552998271,"(np.int64(1), np.int64(0))",Dangerous
0.05898493467018804,0.8431276254216258,"(np.int64(1), np.int64(0))",Dangerous
0.040635416235262706,0.6807763614980243,"(np.int64(1), np.int64(0))",Dangerous
0.06431413573072216,0.5951821250197659,"(np.int64(1), np.int64(1))",Dangerous
0.016596216361733813,0.7404182353045636,"(np.int64(1), np.int64(0))",Dangerous
0.03499162166670518,0.5669121075887162,"(np.int64(1), np.int64(1))",Dangerous
0.03944072451218214,0.450414472271561,"(np.int64(0), np.int64(0))",Normal
0.04241813504865204,0.4711791286683436,"(np.int64(0), np.int64(0))",Normal
0.04549386827322609,0.4990185714983705,"(np.int64(0), np.int64(0))",Normal
0.06386227732689563,0.3687499023703503,"(np.int64(0), np.int64(1))",Warning
0.021559966949910428,0.8048542611555045,"(np.int64(1), np.int64(0))",Dangerous
0.04486504471446176,0.40629192131965186,"(np.int64(0), np.int64(1))",Warning
0.05114139386227248,0.5771053947463255,"(np.int64(1), np.int64(1))",Dangerous
0.04418185391075538,0.8226357357382077,"(np.int64(1), np.int64(0))",Dangerous
0.05849449491284891,0.3365916292713919,"(np.int64(0), np.int64(1))",Warning
0.03553201224498165,0.4558543463915117,"(np.int64(0), np.int64(0))",Normal
0.012422696461292758,0.735288498226733,"(np.int64(1), np.int64(0))",Dangerous
0.05611043829552247,0.2228344368008628,"(np.int64(0), np.int64(1))",Warning
0.05615307748112296,0.5773552962264991,"(np.int64(1), np.int64(1))",Dangerous
0.03327835310606349,0.4417843299641696,"(np.int64(0), np.int64(0))",Normal
0.0702149447334331,0.6522210463835133,"(np.int64(1), np.int64(1))",Dangerous
0.047353855086881426,0.5572254795629538,"(np.int64(1), np.int64(1))",Dangerous
0.06327212347097307,0.24449337013380362,"(np.int64(0), np.int64(1))",Warning
0.03713479542963399,0.4470770388066861,"(np.int64(0), np.int64(0))",Normal
0.08120183509833753,0.4349075493918061,"(np.int64(0), np.int64(0))",Normal
0.07629553410909605,0.4327398554754038,"(np.int64(0), np.int64(0))",Normal
0.039117490818728784,0.6545310688751173,"(np.int64(1), np.int64(1))",Dangerous
0.0592983349272305,0.7081416019866685,"(np.int64(1), np.int64(0))",Dangerous
0.0473736479685263,0.4865865308307189,"(np.int64(0), np.int64(0))",Normal
0.06948725152769145,0.909927295138868,"(np.int64(1), np.int64(0))",Dangerous
0.03013730211949725,0.3566639590413646,"(np.int64(0), np.int64(1))",Warning
0.05454026958528921,0.8465605440077301,"(np.int64(1), np.int64(0))",Dangerous
0.06664991218879537,0.6398950053026751,"(np.int64(1), np.int64(1))",Dangerous
0.015041764263559548,0.7200107156493714,"(np.int64(1), np.int64(0))",Dangerous
0.028718407903001314,0.5817564535184561,"(np.int64(1), np.int64(1))",Dangerous
0.005342433968778794,0.6217761170310668,"(np.int64(1), np.int64(1))",Dangerous
0.03848372260761568,0.5243437787063896,"(np.int64(0), np.int64(0))",Normal
0.05471189206204158,0.6210019458030741,"(np.int64(1), np.int64(1))",Dangerous
0.06691538006442832,0.8380852455027901,"(np.int64(1), np.int64(0))",Dangerous
0.04213801702728195,0.6318203481080339,"(np.int64(1), np.int64(1))",Dangerous
0.06796055310303549,0.6575698158912399,"(np.int64(1), np.int64(0))",Dangerous
0.026835798542959415,0.23738077343897035,"(np.int64(0), np.int64(1))",Warning
0.015925927852487157,0.3645418494720522,"(np.int64(0), np.int64(1))",Warning
0.03283316085283915,0.5132056247262462,"(np.int64(0), np.int64(0))",Normal
0.05918601058855749,0.5048122740347077,"(np.int64(0), np.int64(0))",Normal
0.050606250174723234,0.3612015766262418,"(np.int64(0), np.int64(1))",Warning
0.004868060442757595,0.5600578363623104,"(np.int64(1), np.int64(1))",Dangerous
0.04723580064462994,0.8916553268936982,"(np.int64(1), np.int64(0))",Dangerous
0.02041777524457765,0.5967959868210022,"(np.int64(1), np.int64(1))",Dangerous
0.057287511569985676,0.5122180026836874,"(np.int64(0), np.int64(0))",Normal
0.05204946055232675,0.613213152020732,"(np.int64(1), np.int64(1))",Dangerous
0.028266780930739616,0.40754694693363025,"(np.int64(0), np.int64(1))",Warning
0.03049789166330967,0.379213998383156,"(np.int64(0), np.int64(1))",Warning
0.024222431651756998,0.5163325968422907,"(np.int64(0), np.int64(0))",Normal
0.03774242992917021,0.47604773764834646,"(np.int64(0), np.int64(0))",Normal
0.05253588031007349,0.22878312638195442,"(np.int64(0), np.int64(1))",Warning
0.028512816428844102,0.5230164559937669,"(np.int64(0), np.int64(0))",Normal
0.04484046624913973,0.20299012643499292,"(np.int64(0), np.int64(1))",Warning
0.04121549972348569,0.17235473383244598,"(np.int64(0), np.int64(1))",Warning
0.04143302987779374,0.996930676981729,"(np.int64(1), np.int64(0))",Dangerous
0.03747556942998265,0.6000239317855316,"(np.int64(1), np.int64(1))",Dangerous
0.029536672659892134,0.4790537913410408,"(np.int64(0), np.int64(0))",Normal
0.03702438286637896,0.4186711276219951,"(np.int64(0), np.int64(1))",Warning
0.028588202153055707,0.3565416797697315,"(np.int64(0), np.int64(1))",Warning
0.07340885902220029,0.7702921902713992,"(np.int64(1), np.int64(0))",Dangerous
0.0491453663954205,0.9178091096645242,"(np.int64(1), np.int64(0))",Dangerous
0.03639691932225925,0.6064925019430298,"(np.int64(1), np.int64(1))",Dangerous
0.04047815574626901,0.7772323183482212,"(np.int64(1), np.int64(0))",Dangerous
0.04799285923003997,0.6512442199218629,"(np.int64(1), np.int64(1))",Dangerous
0.046041560859797694,0.3477336324728905,"(np.int64(0), np.int64(1))",Warning
0.047247201115456355,0.32679780682605764,"(np.int64(0), np.int64(1))",Warning
0.05524050507585656,0.5342175613049417,"(np.int64(1), np.int64(1))",Dangerous
0.041704598501015114,0.6516485997769284,"(np.int64(1), np.int64(1))",Dangerous
0.033727858975203764,0.4893775485266233,"(np.int64(0), np.int64(0))",Normal
0.044767199313747896,0.4170100751303696,"(np.int64(0), np.int64(1))",Warning
0.02363120901779866,0.6260230972445652,"(np.int64(1), np.int64(1))",Dangerous
0.01662641885231044,0.5863125952000665,"(np.int64(1), np.int64(1))",Dangerous
0.057476243968410126,0.44464492461891986,"(np.int64(0), np.int64(0))",Normal
0.0722135700495182,0.5749167611097703,"(np.int64(1), np.int64(1))",Dangerous
0.04454781651332407,0.34670687551670565,"(np.int64(0), np.int64(1))",Warning
0.05099467059762647,0.6881221413237077,"(np.int64(1), np.int64(0))",Dangerous
0.05811100023861322,0.2811486129394144,"(np.int64(0), np.int64(1))",Warning
0.08335084987003061,0.7958516154852155,"(np.int64(1), np.int64(0))",Dangerous
0.0647168775799272,0.7701154640300698,"(np.int64(1), np.int64(0))",Dangerous
0.03794911382247641,0.44808230176917496,"(np.int64(0), np.int64(0))",Normal
0.04168745936160346,0.3167364470908193,"(np.int64(0), np.int64(1))",Warning
0.029438615320661256,0.32586398641328995,"(np.int64(0), np.int64(1))",Warning
0.04322553288375211,0.6037385997489992,"(np.int64(1), np.int64(1))",Dangerous
0.029786141797929287,0.42616640687464136,"(np.int64(0), np.int64(0))",Normal
0.02669806664285878,0.40008332887351994,"(np.int64(0), np.int64(1))",Warning
0.03269844903290303,0.8991985018571063,"(np.int64(1), np.int64(0))",Dangerous
0.029048311765651216,0.8418605639288409,"(np.int64(1), np.int64(0))",Dangerous
0.07225175669000315,0.6369323845832874,"(np.int64(1), np.int64(1))",Dangerous
0.045845324479652796,0.24113154032336503,"(np.int64(0), np.int64(1))",Warning
0.0447401617230449,0.5918340880740265,"(np.int64(1), np.int64(1))",Dangerous
0.05963549640869024,0.2467400285285069,"(np.int64(0), np.int64(1))",Warning
0.04273148889356968,0.6853151969994671,"(np.int64(1), np.int64(0))",Dangerous
0.039510627892188135,0.48381138565453385,"(np.int64(0), np.int64(0))",Normal
0.05773519821043901,0.4446943002536859,"(np.int64(0), np.int64(0))",Normal
0.0533381239174193,0.5504302309571331,"(np.int64(1), np.int64(1))",Dangerous
0.023723331546409425,0.41904250073797744,"(np.int64(0), np.int64(1))",Warning
0.038152999624897405,0.4205741210110633,"(np.int64(0), np.int64(1))",Warning
0.034271407941234636,0.4266560240653221,"(np.int64(0), np.int64(0))",Normal
0.024580183266416318,0.4569514467188557,"(np.int64(0), np.int64(0))",Normal
0.980006233018745,0.6008495857915395,"(np.int64(1), np.int64(1))",Dangerous
0.9999999999999999,0.5515708765054378,"(np.int64(0), np.int64(0))",Normal
0.9421040226720938,0.6577537684777126,"(np.int64(1), np.int64(0))",Dangerous
0.9692829920050825,0.564589452895923,"(np.int64(1), np.int64(1))",Dangerous
0.9486662479370117,0.5220574803223901,"(np.int64(0), np.int64(0))",Normal
0.9535600910850646,0.45724904100997676,"(np.int64(0), np.int64(0))",Normal
0.9714206322881257,0.5143528309355306,"(np.int64(0), np.int64(0))",Normal
0.9573372302584292,0.44175678573696653,"(np.int64(0), np.int64(0))",Normal
0.9567788553647623,0.6043087241683449,"(np.int64(1), np.int64(1))",Dangerous
0.9426122128498677,0.32899651015035764,"(np.int64(0), np.int64(1))",Warning
0.9717904326345176,0.8262420977165605,"(np.int64(1), np.int64(0))",Dangerous
0.967537214278125,0.48270393265678097,"(np.int64(0), np.int64(0))",Normal
0.9636209621257676,0.8323171552895938,"(np.int64(1), np.int64(0))",Dangerous
0.9524137840675757,0.5778656721939289,"(np.int64(1), np.int64(1))",Dangerous
0.9546504175416981,0.6166380270171714,"(np.int64(1), np.int64(1))",Dangerous
0.977531044425877,0.6255681600883404,"(np.int64(1), np.int64(1))",Dangerous
0.9711437768549783,0.2954148692580557,"(np.int64(0), np.int64(1))",Warning
0.9355601402393665,0.5335527402412181,"(np.int64(0), np.int64(0))",Normal
0.9648801108931678,0.8193398852395891,"(np.int64(1), np.int64(0))",Dangerous
0.970020475033067,0.09737563831514107,"(np.int64(0), np.int64(1))",Warning
0.017965419972882403,0.4807659597764369,"(np.int64(0), np.int64(0))",Normal
0.07059365608127696,0.21901206913008897,"(np.int64(0), np.int64(1))",Warning
0.037043590616516034,0.4830275781776067,"(np.int64(0), np.int64(0))",Normal
0.05099735407857522,0.8573946724884175,"(np.int64(1), np.int64(0))",Dangerous
0.03865950758797829,0.5426814713080333,"(np.int64(1), np.int64(1))",Dangerous
0.018941254730814844,0.3085295649497752,"(np.int64(0), np.int64(1))",Warning
0.019690249833248637,0.3260890876510797,"(np.int64(0), np.int64(1))",Warning
0.04515070939315592,0.6185535725796072,"(np.int64(1), np.int64(1))",Dangerous
0.06173487896989822,0.4162330740246672,"(np.int64(0), np.int64(1))",Warning
0.025786631925123822,0.576286004797871,"(np.int64(1), np.int64(1))",Dangerous
0.055380344572396135,0.7160526621501947,"(np.int64(1), np.int64(0))",Dangerous
0.01435848977568642,0.9761748248328069,"(np.int64(1), np.int64(0))",Dangerous
0.04598006504910941,0.5161517297617625,"(np.int64(0), np.int64(0))",Normal
0.02132923397469324,0.4434975922480349,"(np.int64(0), np.int64(0))",Normal
0.030943437043919726,0.8528970562500653,"(np.int64(1), np.int64(0))",Dangerous
0.04393799955257023,0.92661572531953,"(np.int64(1), np.int64(0))",Dangerous
0.03562610572144132,0.5817414536240388,"(np.int64(1), np.int64(1))",Dangerous
0.04473077798359083,0.5353358790715125,"(np.int64(1), np.int64(1))",Dangerous
0.0535381185181345,0.6940115783870127,"(np.int64(1), np.int64(0))",Dangerous
0.03915105009236243,0.8774028686353555,"(np.int64(1), np.int64(0))",Dangerous
0.052457667927543555,0.6050565985576067,"(np.int64(1), np.int64(1))",Dangerous
0.01655991647270013,0.5234231264841495,"(np.int64(0), np.int64(0))",Normal
0.04831092260349955,0.47212465486290367,"(np.int64(0), np.int64(0))",Normal
0.0654127735563325,0.49697130892598784,"(np.int64(0), np.int64(0))",Normal
0.020463290856634314,0.78809109586716,"(np.int64(1), np.int64(0))",Dangerous
0.033727941776618336,0.5460270870566737,"(np.int64(1), np.int64(1))",Dangerous
0.04557256649819184,0.7566096031876786,"(np.int64(1), np.int64(0))",Dangerous
0.03639769668732823,0.6942028124736628,"(np.int64(1), np.int64(0))",Dangerous
0.055453744108234046,0.35244249233468,"(np.int64(0), np.int64(1))",Warning
0.04559972524909104,0.41970045106833337,"(np.int64(0), np.int64(1))",Warning
0.03663897701420392,0.5171046373543529,"(np.int64(0), np.int64(0))",Normal
0.03204938348805704,0.4131758262096507,"(np.int64(0), np.int64(1))",Warning
0.07349150507714139,0.7044870267236306,"(np.int64(1), np.int64(0))",Dangerous
0.04955042684283963,0.9407763819551846,"(np.int64(1), np.int64(0))",Dangerous
0.04561995979220382,0.3852769561552793,"(np.int64(0), np.int64(1))",Warning
0.04050951908583206,0.5190452352957428,"(np.int64(0), np.int64(0))",Normal
0.019855832790897317,0.5316219826996009,"(np.int64(1), np.int64(1))",Dangerous
0.038399643860852914,0.6710877923227339,"(np.int64(1), np.int64(0))",Dangerous
0.05026616596414394,0.38052731050493616,"(np.int64(0), np.int64(1))",Warning
0.04421686036299245,0.45082495059444516,"(np.int64(0), np.int64(0))",Normal
0.04245722168321331,0.593437585306304,"(np.int64(1), np.int64(1))",Dangerous
0.07746297674571499,0.5661235605268204,"(np.int64(1), np.int64(1))",Dangerous
0.056228375965985115,0.5989329396302059,"(np.int64(1), np.int64(1))",Dangerous
0.03877958480033683,0.5967865989104572,"(np.int64(1), np.int64(1))",Dangerous
0.05561221861037054,0.5872808813170065,"(np.int64(1), np.int64(1))",Dangerous
0.035807176764048196,0.6030992939222425,"(np.int64(1), np.int64(1))",Dangerous
0.007113629788548792,0.5830040583603547,"(np.int64(1), np.int64(1))",Dangerous
0.03123806366157935,0.6257018838108128,"(np.int64(1), np.int64(1))",Dangerous
0.022366083988031936,0.7697964447216579,"(np.int64(1), np.int64(0))",Dangerous
0.03741437040838038,0.7268723753750701,"(np.int64(1), np.int64(0))",Dangerous
0.04382425391084458,0.4402933144232468,"(np.int64(0), np.int64(0))",Normal
0.061750741295924,0.8558448129905889,"(np.int64(1), np.int64(0))",Dangerous
0.0467389066486988,0.5670083397336725,"(np.int64(1), np.int64(1))",Dangerous
0.04194108741494676,0.7426675016426166,"(np.int64(1), np.int64(0))",Dangerous
0.07216226510793355,0.36907215813073935,"(np.int64(0), np.int64(1))",Warning
0.0038963174101353526,0.6012978189885001,"(np.int64(1), np.int64(1))",Dangerous
0.05861669317105882,0.6575868841284837,"(np.int64(1), np.int64(0))",Dangerous
0.06059910542406622,0.35947674638033184,"(np.int64(0), np.int64(1))",Warning
0.02465605609979011,0.5583309077198618,"(np.int64(1), np.int64(1))",Dangerous
0.07331163935400697,0.5387396701477782,"(np.int64(1), np.int64(1))",Dangerous
0.04975542876613691,0.7793476087974722,"(np.int64(1), np.int64(0))",Dangerous
0.037798018128521405,0.5816378561523675,"(np.int64(1), np.int64(1))",Dangerous
0.05333209448936453,0.8964171024038055,"(np.int64(1), np.int64(0))",Dangerous
0.08637990302843615,0.42089097521779223,"(np.int64(0), np.int64(1))",Warning
0.05264825459831751,0.5234825485525257,"(np.int64(0), np.int64(0))",Normal
0.04422408877938858,0.34059880711421003,"(np.int64(0), np.int64(1))",Warning
0.029676950746731483,0.46694641936039005,"(np.int64(0), np.int64(0))",Normal
0.03102310845469876,0.5045525255468712,"(np.int64(0), np.int64(0))",Normal
0.05221130543577421,0.7986855628688047,"(np.int64(1), np.int64(0))",Dangerous
0.030860761704210836,0.5107659166802578,"(np.int64(0), np.int64(0))",Normal
0.052928480826879745,0.807605990730503,"(np.int64(1), np.int64(0))",Dangerous
0.03724369693041391,0.9685397522707552,"(np.int64(1), np.int64(0))",Dangerous
0.04908135101067064,0.7722145915745233,"(np.int64(1), np.int64(0))",Dangerous
0.04936340630075549,0.2955164587787107,"(np.int64(0), np.int64(1))",Warning
0.06674583301910127,0.9773785571993321,"(np.int64(1), np.int64(0))",Dangerous
0.023731784772105316,0.8093895153377542,"(np.int64(1), np.int64(0))",Dangerous
0.03634762933456744,0.384926268075825,"(np.int64(0), np.int64(1))",Warning
0.0273395072172705,0.4408960761239865,"(np.int64(0), np.int64(0))",Normal
0.044055595983556135,0.6000631589262191,"(np.int64(1), np.int64(1))",Dangerous
0.0479575084496339,0.6232267746408825,"(np.int64(1), np.int64(1))",Dangerous
0.045418490323255775,0.4938978127743513,"(np.int64(0), np.int64(0))",Normal
0.03250454046292654,0.3263969981360825,"(np.int64(0), np.int64(1))",Warning
0.05302186608888436,0.8683641161543201,"(np.int64(1), np.int64(0))",Dangerous
0.058695133342372925,0.6569014969458701,"(np.int64(1), np.int64(0))",Dangerous
0.04678924132649648,0.7078931078344255,"(np.int64(1), np.int64(0))",Dangerous
0.07314486456701769,0.5860437788273146,"(np.int64(1), np.int64(1))",Dangerous
0.02917208192717926,0.4637017648068242,"(np.int64(0), np.int64(0))",Normal
0.009728074902657077,0.4992035496597251,"(np.int64(0), np.int64(0))",Normal
0.022769913070168436,0.3769331249526421,"(np.int64(0), np.int64(1))",Warning
0.07476438837614116,0.5473556178600367,"(np.int64(1), np.int64(1))",Dangerous
0.058118421377685574,0.6022068377691985,"(np.int64(1), np.int64(1))",Dangerous
0.038405722606619244,0.7572410558195073,"(np.int64(1), np.int64(0))",Dangerous
0.04622037463417404,0.4433068044041997,"(np.int64(0), np.int64(0))",Normal
0.026781593720067408,0.6181911613567939,"(np.int64(1), np.int64(1))",Dangerous
0.08445148698985888,0.6629474141188675,"(np.int64(1), np.int64(0))",Dangerous
0.04564523201883432,0.2797120057667365,"(np.int64(0), np.int64(1))",Warning
0.04175469714706061,0.4203749169964364,"(np.int64(0), np.int64(1))",Warning
0.05664750357800265,0.6195718896639144,"(np.int64(1), np.int64(1))",Dangerous
0.05376353679822741,0.7474730341281367,"(np.int64(1), np.int64(0))",Dangerous
0.053983453259324646,0.5327377492905575,"(np.int64(1), np.int64(1))",Dangerous
0.03692097221079839,0.39841244855789126,"(np.int64(0), np.int64(1))",Warning
0.0572967127066139,0.7695736862517149,"(np.int64(1), np.int64(0))",Dangerous
0.07332902632041119,0.23789595378608874,"(np.int64(0), np.int64(1))",Warning
0.07345889729950418,0.6468511065119448,"(np.int64(1), np.int64(1))",Dangerous
0.06718433502483677,0.5614821251251391,"(np.int64(1), np.int64(1))",Dangerous
0.030641039175563628,0.33479075698944516,"(np.int64(0), np.int64(1))",Warning
0.03827366881513469,0.5230747530463751,"(np.int64(0), np.int64(0))",Normal
0.04419855160127542,0.5029510839080154,"(np.int64(0), np.int64(0))",Normal
0.0432673930010828,0.38464943408930163,"(np.int64(0), np.int64(1))",Warning
0.057299117085054835,0.3960424942146866,"(np.int64(0), np.int64(1))",Warning
0.019134582529778572,0.5759287631977127,"(np.int64(1), np.int64(1))",Dangerous
0.07140619700595809,0.5912332711977418,"(np.int64(1), np.int64(1))",Dangerous
0.0437384006405512,0.6125572458131253,"(np.int64(1), np.int64(1))",Dangerous
0.03769231557185918,0.5296511751494547,"(np.int64(1), np.int64(1))",Dangerous
0.03870517867396148,0.6505173790399864,"(np.int64(1), np.int64(1))",Dangerous
0.025477648534637236,0.6412173453472739,"(np.int64(1), np.int64(1))",Dangerous
0.05903495462371828,0.6368026302469008,"(np.int64(1), np.int64(1))",Dangerous
0.04991078511516785,0.5575044284247643,"(np.int64(1), np.int64(1))",Dangerous
0.016117674015904762,0.3139792218769247,"(np.int64(0), np.int64(1))",Warning
0.02769217016222942,0.7389486561616163,"(np.int64(1), np.int64(0))",Dangerous
0.04977953812641593,0.5064911672150317,"(np.int64(0), np.int64(0))",Normal
0.06658848362073957,0.3819710064425422,"(np.int64(0), np.int64(1))",Warning
0.03594546722721632,0.463465000812591,"(np.int64(0), np.int64(0))",Normal
0.016946937119698947,0.5090984861143357,"(np.int64(0), np.int64(0))",Normal
0.035801684735698586,0.5965262824798279,"(np.int64(1), np.int64(1))",Dangerous
0.035588212919392515,0.3911624587117104,"(np.int64(0), np.int64(1))",Warning
0.001026595620835187,0.6155493818256738,"(np.int64(1), np.int64(1))",Dangerous
0.0337737101882058,0.47539862302861896,"(np.int64(0), np.int64(0))",Normal
0.038737519743796966,0.5158731070073325,"(np.int64(0), np.int64(0))",Normal
0.05708796909130425,0.21875581424326734,"(np.int64(0), np.int64(1))",Warning
0.0659196703015817,0.5437980017595971,"(np.int64(1), np.int64(1))",Dangerous
0.06925930764985609,0.5888612740215564,"(np.int64(1), np.int64(1))",Dangerous
0.042437746880556876,0.5922686254900046,"(np.int64(1), np.int64(1))",Dangerous
0.03421521865939167,0.5132422618894099,"(np.int64(0), np.int64(0))",Normal
0.07882532892340048,0.5425556412903577,"(np.int64(1), np.int64(1))",Dangerous
0.05005096967159866,0.6395515334747928,"(np.int64(1), np.int64(1))",Dangerous
0.03773651148321583,0.5464016930990825,"(np.int64(1), np.int64(1))",Dangerous
0.048668247092171414,0.18004462523350434,"(np.int64(0), np.int64(1))",Warning
0.049171153541548725,0.6986131480555141,"(np.int64(1), np.int64(0))",Dangerous
0.042302764025714625,0.6811346162269281,"(np.int64(1), np.int64(0))",Dangerous
0.027202090684287167,0.37326480300354153,"(np.int64(0), np.int64(1))",Warning
0.031183637458062442,0.49718356838468736,"(np.int64(0), np.int64(0))",Normal
0.049324673562022484,0.8506897021776769,"(np.int64(1), np.int64(0))",Dangerous
0.03083230946653913,0.6698413524706452,"(np.int64(1), np.int64(0))",Dangerous
0.033623889391606335,0.5490918087870357,"(np.int64(1), np.int64(1))",Dangerous
0.038591701056337135,0.42698940944986274,"(np.int64(0), np.int64(0))",Normal
0.04584144029617573,0.761594697646991,"(np.int64(1), np.int64(0))",Dangerous
0.05996560852686458,0.6889609770728511,"(np.int64(1), np.int64(0))",Dangerous
0.00612345903195894,0.4524655426340852,"(np.int64(0), np.int64(0))",Normal
0.06341079165513054,0.5397874831216043,"(np.int64(1), np.int64(1))",Dangerous
0.05856068049333795,0.7074513206208773,"(np.int64(1), np.int64(0))",Dangerous
0.01584185904313249,0.7047291895724954,"(np.int64(1), np.int64(0))",Dangerous
0.041591254304657974,0.48219641200824803,"(np.int64(0), np.int64(0))",Normal
0.03586652895870078,0.7627616817850664,"(np.int64(1), np.int64(0))",Dangerous
0.014965164216360599,0.37201969591163364,"(np.int64(0), np.int64(1))",Warning
0.021197504210972114,0.6102978230685475,"(np.int64(1), np.int64(1))",Dangerous
0.027747564149331085,0.4331441023914128,"(np.int64(0), np.int64(0))",Normal
0.05987821923432251,0.3731077482498353,"(np.int64(0), np.int64(1))",Warning
0.056873187348751984,0.5832507094101301,"(np.int64(1), np.int64(1))",Dangerous
0.06241702331485852,0.6051381317555754,"(np.int64(1), np.int64(1))",Dangerous
0.059223711012894475,0.3932288698306072,"(np.int64(0), np.int64(1))",Warning
0.025459879622589596,0.5237902751604017,"(np.int64(0), np.int64(0))",Normal
0.035153216580971966,0.688893009603517,"(np.int64(1), np.int64(0))",Dangerous
0.05457105172399871,0.664957127289141,"(np.int64(1), np.int64(0))",Dangerous
0.02847273857626932,0.7680168174172176,"(np.int64(1), np.int64(0))",Dangerous
0.05587677167100499,0.3331510273668805,"(np.int64(0), np.int64(1))",Warning
0.04208765675463223,0.8961857128621773,"(np.int64(1), np.int64(0))",Dangerous
0.029050423661760243,0.5714889978206688,"(np.int64(1), np.int64(1))",Dangerous
0.058099093664799095,0.6748284538388446,"(np.int64(1), np.int64(0))",Dangerous
0.05478301155058832,0.5776715869250697,"(np.int64(1), np.int64(1))",Dangerous
0.03164238012372664,0.5571395875931264,"(np.int64(1), np.int64(1))",Dangerous
0.06027712090073132,0.7133332510515181,"(np.int64(1), np.int64(0))",Dangerous
0.025603210135007354,0.6009557762457424,"(np.int64(1), np.int64(1))",Dangerous
0.05355674726145211,0.8379175989257981,"(np.int64(1), np.int64(0))",Dangerous
0.054301161636033865,0.6478320462448506,"(np.int64(1), np.int64(1))",Dangerous
0.045588486589293875,0.30660105553732386,"(np.int64(0), np.int64(1))",Warning
0.05686977863992299,0.6159762717551805,"(np.int64(1), np.int64(1))",Dangerous
0.018043160360698147,0.6802109418700286,"(np.int64(1), np.int64(0))",Dangerous
0.06049990861742396,0.6100313284255673,"(np.int64(1), np.int64(1))",Dangerous
0.048917056239451195,0.5192947919288691,"(np.int64(0), np.int64(0))",Normal
0.037274535171675796,0.6436787318513338,"(np.int64(1), np.int64(1))",Dangerous
0.06481343042723468,0.6709181491461936,"(np.int64(1), np.int64(0))",Dangerous
0.044909422618371574,0.3893926660219681,"(np.int64(0), np.int64(1))",Warning
0.027859437001878033,0.34373539314726764,"(np.int64(0), np.int64(1))",Warning
0.02149028575181216,0.5021652970351184,"(np.int64(0), np.int64(0))",Normal
0.05943266544335518,0.626958825433224,"(np.int64(1), np.int64(1))",Dangerous
0.025014744748265164,0.4289785288931461,"(np.int64(0), np.int64(0))",Normal
0.06771948191051885,0.49744305819561574,"(np.int64(0), np.int64(0))",Normal
0.010302547623388392,0.6277317116590934,"(np.int64(1), np.int64(1))",Dangerous
0.08004647988369375,0.681225302581232,"(np.int64(1), np.int64(0))",Dangerous
0.04213996870445408,0.2770742658994126,"(np.int64(0), np.int64(1))",Warning
0.05250468078785329,0.4315750130378393,"(np.int64(0), np.int64(0))",Normal
0.041102911478960495,0.8462489560219635,"(np.int64(1), np.int64(0))",Dangerous
0.0423831618340097,0.2290747085977496,"(np.int64(0), np.int64(1))",Warning
0.045615799037662885,0.7396837338436111,"(np.int64(1), np.int64(0))",Dangerous
0.04883618986138495,0.5576978757226678,"(np.int64(1), np.int64(1))",Dangerous
0.04693942828143839,0.8892578801909015,"(np.int64(1), np.int64(0))",Dangerous
0.049771775804380296,0.800963674540067,"(np.int64(1), np.int64(0))",Dangerous
0.034385779563658576,0.4630810856400062,"(np.int64(0), np.int64(0))",Normal
0.04451296732029015,0.6031152828628968,"(np.int64(1), np.int64(1))",Dangerous
0.05884212751706035,0.6170685081848948,"(np.int64(1), np.int64(1))",Dangerous
0.014370391293755884,0.7853170115561166,"(np.int64(1), np.int64(0))",Dangerous
0.01763761963065378,0.2969494798280248,"(np.int64(0), np.int64(1))",Warning
0.06439533013028813,0.2942878925106496,"(np.int64(0), np.int64(1))",Warning
0.05958468281552362,0.6028493512451869,"(np.int64(1), np.int64(1))",Dangerous
0.03963171833102713,0.5051600116360818,"(np.int64(0), np.int64(0))",Normal
0.05054307416587385,0.6820551929828373,"(np.int64(1), np.int64(0))",Dangerous
0.055488151099930556,0.5914682802138291,"(np.int64(1), np.int64(1))",Dangerous
0.03190740971268898,0.3886199744751093,"(np.int64(0), np.int64(1))",Warning
0.028756628014220513,0.094613443845245,"(np.int64(0), np.int64(1))",Warning
0.05390535291350516,0.6864613150024969,"(np.int64(1), np.int64(0))",Dangerous
0.03995988180738326,0.5124699061858459,"(np.int64(0), np.int64(0))",Normal
0.05487652296358439,0.3414280433089219,"(np.int64(0), np.int64(1))",Warning
0.01337680226358437,0.6161631114621472,"(np.int64(1), np.int64(1))",Dangerous
0.06977665742991865,0.561399434148661,"(np.int64(1), np.int64(1))",Dangerous
0.05016481553240042,0.7371865048985209,"(np.int64(1), np.int64(0))",Dangerous
0.0475636377988458,0.6349316411641126,"(np.int64(1), np.int64(1))",Dangerous
0.06235545265682696,0.6698419113559769,"(np.int64(1), np.int64(0))",Dangerous
0.07750095314872732,0.413982351264879,"(np.int64(0), np.int64(1))",Warning
0.06327874765188421,0.21733000009394227,"(np.int64(0), np.int64(1))",Warning
0.0191205759287994,0.49712118875274647,"(np.int64(0), np.int64(0))",Normal
0.027197826890614528,0.6426657827383502,"(np.int64(1), np.int64(1))",Dangerous
0.03454667142132624,0.5928570677149507,"(np.int64(1), np.int64(1))",Dangerous
0.04622154749630876,0.450025088923737,"(np.int64(0), np.int64(0))",Normal
0.03898720748999558,0.5604400407923655,"(np.int64(1), np.int64(1))",Dangerous
0.031165314187151738,0.5172673134881214,"(np.int64(0), np.int64(0))",Normal
0.04856642534712226,0.20932550805410371,"(np.int64(0), np.int64(1))",Warning
0.02520566966533077,0.5273428746292638,"(np.int64(1), np.int64(1))",Dangerous
0.03587858708597923,0.7028683500943376,"(np.int64(1), np.int64(0))",Dangerous
0.021295179651161594,0.28506412478685883,"(np.int64(0), np.int64(1))",Warning
0.04384677711382538,0.8103073451322015,"(np.int64(1), np.int64(0))",Dangerous
0.03166816912739219,0.5237309517898456,"(np.int64(0), np.int64(0))",Normal
0.02651323916509303,0.7803034684957753,"(np.int64(1), np.int64(0))",Dangerous
0.06166214357967258,0.725315998622578,"(np.int64(1), np.int64(0))",Dangerous
0.02907048911714296,0.4287853189256604,"(np.int64(0), np.int64(0))",Normal
0.08106527460905091,0.1866485005926385,"(np.int64(0), np.int64(1))",Warning
0.05279266222279392,0.5922473067079767,"(np.int64(1), np.int64(1))",Dangerous
0.04001520035357915,0.6836423257486239,"(np.int64(1), np.int64(0))",Dangerous
0.022375675180944576,0.4105887308451328,"(np.int64(0), np.int64(1))",Warning
0.05677555044718826,0.411096611731094,"(np.int64(0), np.int64(1))",Warning
0.03683151020736946,0.41228617264847556,"(np.int64(0), np.int64(1))",Warning
0.04037844215262207,0.47834979335581557,"(np.int64(0), np.int64(0))",Normal
0.08858458011096035,0.4651333848113505,"(np.int64(0), np.int64(0))",Normal
0.040314759109405116,0.841264767968318,"(np.int64(1), np.int64(0))",Dangerous
0.0631398232841746,0.6183717570129585,"(np.int64(1), np.int64(1))",Dangerous
0.03915277718977388,0.6638762266046631,"(np.int64(1), np.int64(0))",Dangerous
0.041400157143979516,0.20616187250346008,"(np.int64(0), np.int64(1))",Warning
0.07296416951859133,0.7307392511097202,"(np.int64(1), np.int64(0))",Dangerous
0.030975140604121716,0.6251246619056214,"(np.int64(1), np.int64(1))",Dangerous
0.07015527252910891,0.4395624308388277,"(np.int64(0), np.int64(0))",Normal
0.05292078155728004,0.671869214530473,"(np.int64(1), np.int64(0))",Dangerous
0.029504493456122965,0.3143917108348684,"(np.int64(0), np.int64(1))",Warning
0.05389672229158581,0.5490794107213203,"(np.int64(1), np.int64(1))",Dangerous
0.05010618945427791,0.45762419765970896,"(np.int64(0), np.int64(0))",Normal
0.05269459739429602,0.4523048354833236,"(np.int64(0), np.int64(0))",Normal
0.01983906788162046,0.7695832206198023,"(np.int64(1), np.int64(0))",Dangerous
0.03346135763937133,0.43062560638947606,"(np.int64(0), np.int64(0))",Normal
0.03975428482343184,0.4318668228612302,"(np.int64(0), np.int64(0))",Normal
0.04444315110096192,0.3822570419603903,"(np.int64(0), np.int64(1))",Warning
0.05716136124530376,0.6348723560005605,"(np.int64(1), np.int64(1))",Dangerous
0.05362078278929908,0.7098106277628562,"(np.int64(1), np.int64(0))",Dangerous
0.020334212505202877,0.5380710211223448,"(np.int64(1), np.int64(1))",Dangerous
0.04532222027934521,0.6214824238863903,"(np.int64(1), np.int64(1))",Dangerous
0.04714896907946195,0.34645702061358696,"(np.int64(0), np.int64(1))",Warning
0.04934286491565701,0.60734078556689,"(np.int64(1), np.int64(1))",Dangerous
0.06052913200336776,0.6709719665588665,"(np.int64(1), np.int64(0))",Dangerous
0.05242404986371854,0.6358418070978975,"(np.int64(1), np.int64(1))",Dangerous
0.04498499298020134,0.5525079896234584,"(np.int64(1), np.int64(1))",Dangerous
0.0398611053891988,0.5484748194455125,"(np.int64(1), np.int64(1))",Dangerous
0.017467636352719994,0.5565272438637998,"(np.int64(1), np.int64(1))",Dangerous
0.0559009077204952,0.8460787047144688,"(np.int64(1), np.int64(0))",Dangerous
0.04411972015973511,0.5055958367959398,"(np.int64(0), np.int64(0))",Normal
0.04582076155925018,0.6120952765141108,"(np.int64(1), np.int64(1))",Dangerous
0.018662538012003654,0.4609209266880989,"(np.int64(0), np.int64(0))",Normal
0.027217652491740962,0.5413426378907903,"(np.int64(1), np.int64(1))",Dangerous
0.05624052713847975,0.6149901770868687,"(np.int64(1), np.int64(1))",Dangerous
0.04728803007400053,0.5832118234953673,"(np.int64(1), np.int64(1))",Dangerous
0.04485467431457321,0.6802488232748587,"(np.int64(1), np.int64(0))",Dangerous
0.041780567906093004,0.33011017414746846,"(np.int64(0), np.int64(1))",Warning
0.0469089718820308,0.4488713594606866,"(np.int64(0), np.int64(0))",Normal
0.058030277172431845,0.1909244223154049,"(np.int64(0), np.int64(1))",Warning
0.052994118283948066,0.392864267921061,"(np.int64(0), np.int64(1))",Warning
0.04919767924787706,0.5102839010740202,"(np.int64(0), np.int64(0))",Normal
0.032916912509371295,0.7569442578337947,"(np.int64(1), np.int64(0))",Dangerous
0.0396446386794607,0.6725424061575632,"(np.int64(1), np.int64(0))",Dangerous
0.030609320406397536,0.8046724264261095,"(np.int64(1), np.int64(0))",Dangerous
0.04663772343955461,0.5380603848466106,"(np.int64(1), np.int64(1))",Dangerous
0.03263907686525893,0.2864012588953476,"(np.int64(0), np.int64(1))",Warning
0.06991162205389566,0.8198861525614471,"(np.int64(1), np.int64(0))",Dangerous
0.02570673545316545,0.5526962224268396,"(np.int64(1), np.int64(1))",Dangerous
0.04177742192581138,0.5093857034570192,"(np.int64(0), np.int64(0))",Normal
0.03325686725722879,0.5950705800956915,"(np.int64(1), np.int64(1))",Dangerous
0.07478530332098265,0.28352437245831963,"(np.int64(0), np.int64(1))",Warning
0.04406203144567901,0.47268126697107377,"(np.int64(0), np.int64(0))",Normal
0.07152691709110319,0.45426530120585285,"(np.int64(0), np.int64(0))",Normal
0.028470915027966247,0.4670055174225802,"(np.int64(0), np.int64(0))",Normal
0.05373473944905893,0.769585776585376,"(np.int64(1), np.int64(0))",Dangerous
0.06065825034136169,0.6337264649172375,"(np.int64(1), np.int64(1))",Dangerous
0.0481195708336001,0.5447129758988234,"(np.int64(1), np.int64(1))",Dangerous
0.05099547750185882,0.546136305863902,"(np.int64(1), np.int64(1))",Dangerous
0.035014623681823384,0.5353533073345274,"(np.int64(1), np.int64(1))",Dangerous
0.0701156282434774,0.5860453604174102,"(np.int64(1), np.int64(1))",Dangerous
0.078991240441915,0.5856189533837137,"(np.int64(1), np.int64(1))",Dangerous
0.031054896164336314,0.6601878651448164,"(np.int64(1), np.int64(0))",Dangerous
0.03723938203301913,0.470628838025904,"(np.int64(0), np.int64(0))",Normal
0.07475378488493967,0.6448884571720319,"(np.int64(1), np.int64(1))",Dangerous
0.07736060942330858,0.5586745351908287,"(np.int64(1), np.int64(1))",Dangerous
0.033780288890329475,0.4571668647236869,"(np.int64(0), np.int64(0))",Normal
0.042569616648162126,0.7083605640123194,"(np.int64(1), np.int64(0))",Dangerous
0.03733066467791914,0.6165500722863884,"(np.int64(1), np.int64(1))",Dangerous
0.013051188979585494,0.46099204369808744,"(np.int64(0), np.int64(0))",Normal
0.024820355897733647,0.47913697185266413,"(np.int64(0), np.int64(0))",Normal
0.03609975419503588,0.5710868744597387,"(np.int64(1), np.int64(1))",Dangerous
0.03140689269165487,0.37286637511601917,"(np.int64(0), np.int64(1))",Warning
0.04349096679966709,0.5269188319677044,"(np.int64(0), np.int64(0))",Normal
0.045716259898354,0.478889249055817,"(np.int64(0), np.int64(0))",Normal
0.07923220376846836,0.8346342169341582,"(np.int64(1), np.int64(0))",Dangerous
0.037984301524343504,0.5948552537653574,"(np.int64(1), np.int64(1))",Dangerous
0.07257671703050936,0.4603236101882169,"(np.int64(0), np.int64(0))",Normal
0.04034912501831234,0.5541844450204512,"(np.int64(1), np.int64(1))",Dangerous
0.04559145557107701,0.5110062454594249,"(np.int64(0), np.int64(0))",Normal
0.04820680006736383,0.7020662852106235,"(np.int64(1), np.int64(0))",Dangerous
0.03562214866086663,0.7374565732687848,"(np.int64(1), np.int64(0))",Dangerous
0.04387665778884963,0.4009198348790907,"(np.int64(0), np.int64(1))",Warning
0.04662449293279246,0.7263634677957072,"(np.int64(1), np.int64(0))",Dangerous
0.04585921274629938,0.7757498533645356,"(np.int64(1), np.int64(0))",Dangerous
0.042829780361774046,0.5412984285679171,"(np.int64(1), np.int64(1))",Dangerous
0.07782008709199575,0.6126851133988913,"(np.int64(1), np.int64(1))",Dangerous
0.02980385749757481,0.4367145395445815,"(np.int64(0), np.int64(0))",Normal
0.03330232406690722,0.3556172677117514,"(np.int64(0), np.int64(1))",Warning
0.03253562377274618,0.580661574935609,"(np.int64(1), np.int64(1))",Dangerous
0.03804921703181754,0.4158865369164149,"(np.int64(0), np.int64(1))",Warning
0.02855348447774301,0.8472137766763945,"(np.int64(1), np.int64(0))",Dangerous
0.06303492560467482,0.33532401450492255,"(np.int64(0), np.int64(1))",Warning
0.07176528772168213,0.40880157200317535,"(np.int64(0), np.int64(1))",Warning
0.03332129156013709,0.6252033949571764,"(np.int64(1), np.int64(1))",Dangerous
0.02651637111860524,0.24879287271789124,"(np.int64(0), np.int64(1))",Warning
0.04980478475984593,0.6597720780341443,"(np.int64(1), np.int64(0))",Dangerous
0.0426690282933032,0.45073469327592464,"(np.int64(0), np.int64(0))",Normal
0.05462858144010567,0.5130765090554007,"(np.int64(0), np.int64(0))",Normal
0.04452166668357012,0.5298544437751562,"(np.int64(1), np.int64(1))",Dangerous
0.023418812921694766,0.38347254656532337,"(np.int64(0), np.int64(1))",Warning
0.06022798306454906,0.47282203052705163,"(np.int64(0), np.int64(0))",Normal
0.07751768785100846,0.7417843183413215,"(np.int64(1), np.int64(0))",Dangerous
0.03583385558673368,0.37332514619486323,"(np.int64(0), np.int64(1))",Warning
0.03884765292723684,0.674744858016648,"(np.int64(1), np.int64(0))",Dangerous
0.04210727754217174,0.4818983108341127,"(np.int64(0), np.int64(0))",Normal
0.04158689567416998,0.620216393218072,"(np.int64(1), np.int64(1))",Dangerous
0.05838496280545653,0.7059711801938371,"(np.int64(1), np.int64(0))",Dangerous
0.08157589138140574,0.7233372602560839,"(np.int64(1), np.int64(0))",Dangerous
0.03990176165361065,0.536722255120982,"(np.int64(1), np.int64(1))",Dangerous
0.03476793504227764,0.607297800323664,"(np.int64(1), np.int64(1))",Dangerous
0.01208524332348334,0.4778684359039336,"(np.int64(0), np.int64(0))",Normal
0.02961183392044226,0.31019612693811527,"(np.int64(0), np.int64(1))",Warning
0.04231282713335474,0.3315400087140918,"(np.int64(0), np.int64(1))",Warning
0.06360325666574701,0.5375676502621568,"(np.int64(1), np.int64(1))",Dangerous
0.030824455804004308,0.7358743882105535,"(np.int64(1), np.int64(0))",Dangerous
0.043682604963491765,0.6161723781231743,"(np.int64(1), np.int64(1))",Dangerous
0.04851803749862331,0.5871843520259715,"(np.int64(1), np.int64(1))",Dangerous
0.06211447618413734,0.6356028850904278,"(np.int64(1), np.int64(1))",Dangerous
0.06809604803451233,0.48763139369202313,"(np.int64(0), np.int64(0))",Normal
0.021658762463796027,0.39886095837949365,"(np.int64(0), np.int64(1))",Warning
0.03578145932222012,0.5008289813035487,"(np.int64(0), np.int64(0))",Normal
0.06386886949645773,0.5334360730851465,"(np.int64(1), np.int64(1))",Dangerous
0.03853894363957105,0.5609024134915611,"(np.int64(1), np.int64(1))",Dangerous
0.06852845521013912,0.5925585207460533,"(np.int64(1), np.int64(1))",Dangerous
0.05227153088730381,0.4125103649284416,"(np.int64(0), np.int64(1))",Warning
0.046284320476844304,0.49795564847030943,"(np.int64(0), np.int64(0))",Normal
0.05127505187165854,0.6353960830149182,"(np.int64(1), np.int64(1))",Dangerous
0.06259735302396185,0.6614711891388869,"(np.int64(1), np.int64(0))",Dangerous
0.05625221070561534,0.579479313665464,"(np.int64(1), np.int64(1))",Dangerous
0.03901234897051643,0.6293963158889567,"(np.int64(1), np.int64(1))",Dangerous
0.06577036207873484,0.5255680367604049,"(np.int64(0), np.int64(0))",Normal
0.06444872378035389,0.364126383463826,"(np.int64(0), np.int64(1))",Warning
0.0683724903483832,0.5310209276499174,"(np.int64(1), np.int64(1))",Dangerous
0.07652032585895419,0.7191919625066593,"(np.int64(1), np.int64(0))",Dangerous
0.02883080321351225,0.7505979637533999,"(np.int64(1), np.int64(0))",Dangerous
0.05395820917265996,0.4603609122740538,"(np.int64(0), np.int64(0))",Normal
0.05977689872962012,0.5483354419518758,"(np.int64(1), np.int64(1))",Dangerous
0.03344279949258687,0.6413806314925327,"(np.int64(1), np.int64(1))",Dangerous
0.048939595708534955,0.4225541917593635,"(np.int64(0), np.int64(1))",Warning
0.03611766569890827,0.5888210910781393,"(np.int64(1), np.int64(1))",Dangerous
0.03872049972119624,0.6166056247559496,"(np.int64(1), np.int64(1))",Dangerous
0.06557207157879412,0.41692179639911664,"(np.int64(0), np.int64(1))",Warning
0.03723945502244711,0.757861227704878,"(np.int64(1), np.int64(0))",Dangerous
0.04881566577698371,0.477368535523262,"(np.int64(0), np.int64(0))",Normal
0.022013683842194293,0.8938952858242302,"(np.int64(1), np.int64(0))",Dangerous
0.05109257573105651,0.5372601379417975,"(np.int64(1), np.int64(1))",Dangerous
0.05229812041846009,0.7677347908082152,"(np.int64(1), np.int64(0))",Dangerous
0.08453121441084183,0.4658963186514031,"(np.int64(0), np.int64(0))",Normal
0.035150529439466394,0.2074576867650456,"(np.int64(0), np.int64(1))",Warning
0.04668900247157766,0.33265676528445903,"(np.int64(0), np.int64(1))",Warning
0.0421991630601969,0.604406157655551,"(np.int64(1), np.int64(1))",Dangerous
0.07238138327610989,0.4127004252775302,"(np.int64(0), np.int64(1))",Warning
0.049723228991179924,0.604461984803445,"(np.int64(1), np.int64(1))",Dangerous
0.059753429178181834,0.6169454305102611,"(np.int64(1), np.int64(1))",Dangerous
0.05327653781131173,0.6457269183762144,"(np.int64(1), np.int64(1))",Dangerous
0.051172598712088485,0.6975795706506487,"(np.int64(1), np.int64(0))",Dangerous
0.0374472194990622,0.6904411650205904,"(np.int64(1), np.int64(0))",Dangerous
0.05514791887367379,0.6124889514627915,"(np.int64(1), np.int64(1))",Dangerous
0.05734583571501367,1.0,"(np.int64(1), np.int64(0))",Dangerous
0.03178020719161899,0.5039774528383819,"(np.int64(0), np.int64(0))",Normal
0.0464612418832861,0.6495805624607842,"(np.int64(1), np.int64(1))",Dangerous
0.033832726091019116,0.35727300197750084,"(np.int64(0), np.int64(1))",Warning
0.06045687987536709,0.2968982353659155,"(np.int64(0), np.int64(1))",Warning
0.02372229627785853,0.6331412186930345,"(np.int64(1), np.int64(1))",Dangerous
0.03729493099567588,0.9633639913442116,"(np.int64(1), np.int64(0))",Dangerous
0.05108738825234777,0.649481732020617,"(np.int64(1), np.int64(1))",Dangerous
0.07646899077830228,0.3062376671712711,"(np.int64(0), np.int64(1))",Warning
0.04636002507619591,0.358861382716144,"(np.int64(0), np.int64(1))",Warning
0.0417174000766035,0.7814055670040976,"(np.int64(1), np.int64(0))",Dangerous
0.0684064591719343,0.6785212153381563,"(np.int64(1), np.int64(0))",Dangerous
0.016897618736680844,0.7178002357346294,"(np.int64(1), np.int64(0))",Dangerous
0.015868386514800853,0.6622464587592385,"(np.int64(1), np.int64(0))",Dangerous
0.05266137259395882,0.2673888453643168,"(np.int64(0), np.int64(1))",Warning
0.046539309063199454,0.7811547789816544,"(np.int64(1), np.int64(0))",Dangerous
0.02394500040195821,0.6755193365772227,"(np.int64(1), np.int64(0))",Dangerous
0.0538052665380081,0.36208523967373424,"(np.int64(0), np.int64(1))",Warning
0.037187382907929556,0.4010336917707377,"(np.int64(0), np.int64(1))",Warning
0.03361400889607202,0.4673305361527226,"(np.int64(0), np.int64(0))",Normal
0.02981029738891125,0.5718935900572983,"(np.int64(1), np.int64(1))",Dangerous
0.05427643194495761,0.7474729881083313,"(np.int64(1), np.int64(0))",Dangerous
0.05773434659910529,0.4671408627801401,"(np.int64(0), np.int64(0))",Normal
0.04342174684370904,0.3371764097780454,"(np.int64(0), np.int64(1))",Warning
0.07352349123331234,0.4471989249054256,"(np.int64(0), np.int64(0))",Normal
0.02100394608827045,0.7096867096294059,"(np.int64(1), np.int64(0))",Dangerous
0.02060760205454342,0.5817358012129322,"(np.int64(1), np.int64(1))",Dangerous
0.01594786998329889,0.6163652217281816,"(np.int64(1), np.int64(1))",Dangerous
0.04113886685309398,0.40410165542016574,"(np.int64(0), np.int64(1))",Warning
0.03918836362555748,0.42791106304186005,"(np.int64(0), np.int64(0))",Normal
0.04918877417140073,0.8264139729154705,"(np.int64(1), np.int64(0))",Dangerous
0.05297704891002637,0.3264247661613623,"(np.int64(0), np.int64(1))",Warning
0.027438584919558348,0.9133269558875321,"(np.int64(1), np.int64(0))",Dangerous
0.07523702401313888,0.7037192409442372,"(np.int64(1), np.int64(0))",Dangerous
0.03839864330112752,0.5685750016703154,"(np.int64(1), np.int64(1))",Dangerous
0.06995232150643642,0.338298719772985,"(np.int64(0), np.int64(1))",Warning
0.05729110214772762,0.8001060040727979,"(np.int64(1), np.int64(0))",Dangerous
0.046060395357655964,0.17720374718506776,"(np.int64(0), np.int64(1))",Warning
0.057340535211710036,0.5682014089984606,"(np.int64(1), np.int64(1))",Dangerous
0.044057875487155104,0.560112914654363,"(np.int64(1), np.int64(1))",Dangerous
0.04958293144847916,0.4894409212724744,"(np.int64(0), np.int64(0))",Normal
0.059151382061275695,0.7433682375217142,"(np.int64(1), np.int64(0))",Dangerous
0.043332728803395226,0.5105032476537666,"(np.int64(0), np.int64(0))",Normal
0.047434225892938144,0.5766695820967774,"(np.int64(1), np.int64(1))",Dangerous
0.049550691079169824,0.43294392639109197,"(np.int64(0), np.int64(0))",Normal
0.06409327596364293,0.5951311817235805,"(np.int64(1), np.int64(1))",Dangerous
0.03588326559039635,0.6224178262913487,"(np.int64(1), np.int64(1))",Dangerous
0.06951240743787092,0.3709757166875922,"(np.int64(0), np.int64(1))",Warning
0.031809327494969356,0.8127446597650267,"(np.int64(1), np.int64(0))",Dangerous
0.0217314355756119,0.5788688180758036,"(np.int64(1), np.int64(1))",Dangerous
0.03446217845398042,0.4523362873463018,"(np.int64(0), np.int64(0))",Normal
0.03754469570975039,0.7799489660288382,"(np.int64(1), np.int64(0))",Dangerous
0.04788296803605316,0.5283519273247964,"(np.int64(1), np.int64(1))",Dangerous
0.04542072523687209,0.5521358626897584,"(np.int64(1), np.int64(1))",Dangerous
0.042383942997941126,0.6068062489400172,"(np.int64(1), np.int64(1))",Dangerous
0.016334705018120378,0.6311349315109589,"(np.int64(1), np.int64(1))",Dangerous
0.04288166982076226,0.4921668999749467,"(np.int64(0), np.int64(0))",Normal
0.000286785308692826,0.617931806894806,"(np.int64(1), np.int64(1))",Dangerous
0.02373042728116112,0.7173967364192634,"(np.int64(1), np.int64(0))",Dangerous
0.05697805275340627,0.40068524925215443,"(np.int64(0), np.int64(1))",Warning
0.05780777158127308,0.828947835838423,"(np.int64(1), np.int64(0))",Dangerous
0.05849830562476848,0.9069245121207992,"(np.int64(1), np.int64(0))",Dangerous
0.03234292229929072,0.9894163059150878,"(np.int64(1), np.int64(0))",Dangerous
0.04473104234565678,0.34010008980646766,"(np.int64(0), np.int64(1))",Warning
0.03311421327993482,0.48252988556129806,"(np.int64(0), np.int64(0))",Normal
0.021650935447683185,0.2732498828366873,"(np.int64(0), np.int64(1))",Warning
0.06496618567406312,0.5432645633492523,"(np.int64(1), np.int64(1))",Dangerous
0.05767988355185327,0.44419348444127726,"(np.int64(0), np.int64(0))",Normal
0.03366516418546567,0.8538175317475737,"(np.int64(1), np.int64(0))",Dangerous
0.05848136109200918,0.4284935408010683,"(np.int64(0), np.int64(0))",Normal
0.056192548500458524,0.2839008614815762,"(np.int64(0), np.int64(1))",Warning
0.015979738821415644,0.42555981566751355,"(np.int64(0), np.int64(0))",Normal
0.04060915705213723,0.2073156014481477,"(np.int64(0), np.int64(1))",Warning
0.03115550091698057,0.5674686037199959,"(np.int64(1), np.int64(1))",Dangerous
0.024259168026625352,0.29373427585836065,"(np.int64(0), np.int64(1))",Warning
0.038964738615926996,0.4450154996655286,"(np.int64(0), np.int64(0))",Normal
0.07424763351406277,0.33554290050086233,"(np.int64(0), np.int64(1))",Warning
0.04784614837384079,0.630574828048134,"(np.int64(1), np.int64(1))",Dangerous
0.0364678973951226,0.7674152683640586,"(np.int64(1), np.int64(0))",Dangerous
0.05251617943840628,0.6908904262497165,"(np.int64(1), np.int64(0))",Dangerous
